"","time","x","y0","y1"
"1",0,1,0,0.54
"2",1,1.0214088554699,0.975993823122295,0.682836810607854
"3",2,0.29658881790192,0.851769430021265,0.991655743805119
"4",3,0.0687553668087273,0.4012875100118,0.822436190405165
"5",4,0.0428186242405528,0.177080318731687,0.519805414522042
"6",5,0.0714426837360674,0.108947264233801,0.3045351722929
"7",6,0.210207807814709,0.161529549990329,0.215862660655483
"8",7,0.637502857421784,0.449687364138868,0.304899367272428
"9",8,0.848760333416411,0.918739839071573,0.657636893911624
"10",9,0.300175890775416,0.780431181904108,0.917365443027808
"11",10,0.0892224442502054,0.394999282481701,0.770759419284707
"12",11,0.0626778099948644,0.192537638722011,0.504702322474483
"13",12,0.105227346041516,0.138109848696341,0.314941709913967
"14",13,0.284734196121482,0.221748589336961,0.252501011435728
"15",14,0.701344504667678,0.546717739286614,0.38196240692964
"16",15,0.694478975118476,0.887235380143913,0.718274269663385
"17",16,0.240727747906158,0.666409832256135,0.869431042397404
"18",17,0.0928703725387778,0.344337813651709,0.69402013060896
"19",18,0.082624602320331,0.188065204143451,0.457581073109522
"20",19,0.153841155974923,0.167999566580203,0.306508194398975
"21",20,0.395258935112063,0.307703675002083,0.292080038311151
"22",21,0.748265530818323,0.666627681527838,0.482533547373278
"23",22,0.519730250901323,0.828470098391683,0.780437447956483
"24",23,0.181719483630805,0.544043025635168,0.810265590317419
"25",24,0.0944839871805859,0.288433083274346,0.608265743558507
"26",25,0.109446762888141,0.184309244920875,0.405067611728318
"27",26,0.227240885675507,0.213203095951881,0.301817007840737
"28",27,0.530268262467445,0.426874295093637,0.352827695539148
"29",28,0.707453518518506,0.761269555717599,0.598516297949595
"30",29,0.358663802200086,0.72276664847007,0.809341153555462
"31",30,0.141776859638935,0.43106369337132,0.731105485665473
"32",31,0.102428078684753,0.243774314526102,0.523050483927539
"33",32,0.151686484295115,0.193831514935332,0.361074181334124
"34",33,0.334706888065374,0.287198836388682,0.315967846216699
"35",34,0.644016847546014,0.569322179045685,0.444499464066737
"36",35,0.569403837891061,0.780933070566665,0.703718655765252
"37",36,0.242213921515331,0.590790808126626,0.78983777747384
"38",37,0.121988961532694,0.339496853790693,0.63873233379697
"39",38,0.122392095195968,0.217955554245347,0.447336069152146
"40",39,0.219828133386406,0.226878475671639,0.335594019930941
"41",40,0.471177579260487,0.398859801711902,0.361140069901408
"42",41,0.662879954205806,0.69296533589402,0.560657961022609
"43",42,0.4003681283348,0.713169249178541,0.765012049297242
"44",43,0.173420768156879,0.463196900963255,0.727322928773964
"45",44,0.120092798924663,0.274897575538244,0.545499315967992
"46",45,0.161234216373396,0.216033278824091,0.389175278712236
"47",46,0.323188733791358,0.293931282855246,0.337932916578573
"48",47,0.593650212276004,0.538932495555038,0.44403902359486
"49",48,0.559561008185936,0.739636543945783,0.672224370117951
"50",49,0.267697811985065,0.592756756841481,0.765037157742575
"51",50,0.140747242519711,0.36015867487352,0.639698310358524
"52",51,0.136300931405368,0.238985502536796,0.463290043475524
"53",52,0.228320925089138,0.24418887298057,0.356010292870261
"54",53,0.455810576839347,0.401647070003194,0.377166540271071
"55",54,0.624733508558582,0.663545730822741,0.555761696522777
"56",55,0.401616531073715,0.68851948864236,0.740254223570772
"57",56,0.188781049703869,0.466324165881341,0.711659262251434
"58",57,0.134079287634872,0.28920982466154,0.546900728064915
"59",58,0.175112188181581,0.233403201595009,0.401590493100678
"60",59,0.331405514989424,0.310451598138671,0.355663885472364
"61",60,0.571953450017105,0.53756212378629,0.457371746011786
"62",61,0.532246441037025,0.711004505570211,0.663889594451275
"63",62,0.271061225495719,0.576089716472719,0.743910004160972
"64",63,0.152104283467876,0.36307170079929,0.62780770379964
"65",64,0.150019358098927,0.251494253411259,0.464971133680547
"66",65,0.244655993784222,0.262439057110033,0.368282593464167
"67",66,0.460320017136541,0.418482514872662,0.395773304547422
"68",67,0.59402657313576,0.653711974383083,0.565953505306942
"69",68,0.384132934864501,0.660381708034562,0.727039229989195
"70",69,0.193390649151581,0.454594044738004,0.691901269411353
"71",70,0.145324148991214,0.293489658694267,0.537505987826043
"72",71,0.191768510872721,0.247854857612818,0.405281542325528
"73",72,0.350095809430218,0.332473479587829,0.371091235633014
"74",73,0.56309898327574,0.550158917245604,0.47761792782696
"75",74,0.498336022442638,0.689099581783891,0.666829149925389
"76",75,0.262644567759317,0.550866186262536,0.725250871518183
"77",76,0.158783203124694,0.356300486294732,0.609546659768179
"78",77,0.164024258316546,0.259294364498722,0.459006124890578
"79",78,0.266406301114521,0.282035183254761,0.376488602443575
"80",79,0.474342569359653,0.443320460958769,0.416536819659837
"81",80,0.56529546196747,0.65223525881516,0.583702688569869
"82",81,0.358154695118216,0.630303759925897,0.71892503886528
"83",82,0.192159324801363,0.435346457209112,0.669855495561372
"84",83,0.155321479542237,0.292516283341681,0.522421945564911
"85",84,0.211195398365068,0.261552079861603,0.40466108498926
"86",85,0.375233438482811,0.358922433856481,0.386381070581343
"87",86,0.557714818360489,0.569206087271709,0.502279294017079
"88",87,0.460747987645301,0.668493591546261,0.674395396590552
"89",88,0.248883131201939,0.521264697948688,0.706812700904963
"90",89,0.163257595176499,0.344801863330925,0.587750091058798
"91",90,0.179216963571779,0.265332723346767,0.449305779263693
"92",91,0.292705131784586,0.303993166768551,0.383581545607235
"93",92,0.491759923918034,0.473109556702451,0.439920617118097
"94",93,0.534356085547933,0.652183529169575,0.604915447163388
"95",94,0.328953218478065,0.598042222882719,0.711596356184333
"96",95,0.188553661343471,0.412691223459155,0.64587576514755
"97",96,0.165497403317246,0.289568142692734,0.504543602474903
"98",97,0.23381343550513,0.276364014225933,0.402690998640414
"99",98,0.404164069381038,0.38944448884112,0.403300842859336
"100",99,0.5496781465132,0.589754680256392,0.529927134924679
"101",100,0.421027620941987,0.645648842376987,0.682365620064401
"102",101,0.233676190933043,0.489528249886505,0.686926301149349
"103",102,0.167424440535954,0.331751052923752,0.563990671574856
"104",103,0.196539885506224,0.271824363783089,0.43842948806979
"105",104,0.322976755325353,0.329263238054369,0.391733945587245
"106",105,0.507802905275102,0.505445574594667,0.466270382679628
"107",106,0.499186356116927,0.648983010717239,0.626664840877382
"108",107,0.299714987742178,0.563603055489136,0.702303663990563
"109",108,0.184853765286207,0.389213346794993,0.620182543477215
"110",109,0.17705991576367,0.286934420716953,0.485783168870027
"111",110,0.260047965102423,0.293788975099171,0.401495296823044
"112",111,0.434273861435207,0.42354021542023,0.423116304301546
"113",112,0.535028600571837,0.607836266465428,0.55916111554431
"114",113,0.380860112285033,0.618790691298513,0.68783014043367
"115",114,0.219391586929611,0.457287925925889,0.66471955221575
"116",115,0.172673673782887,0.319294515789384,0.539429554684553
"117",116,0.216838954495647,0.280449570014033,0.428226666112759
"118",117,0.356350348789999,0.358458665521239,0.402555909412791
"119",118,0.518276097496221,0.537756335512995,0.495462534681658
"120",119,0.459786232815554,0.639742796995118,0.646467833898122
"121",120,0.272560086375614,0.527600225092686,0.689467729083727
"122",121,0.182539010713177,0.366727581237259,0.59321347647091
"123",122,0.191012165577981,0.286283569820219,0.46760380244101
"124",123,0.290074360325281,0.314961728387237,0.402693813447512
"125",124,0.462475194720594,0.460151252525416,0.446556521533259
"126",125,0.511806148232663,0.620094419629369,0.588279998282873
"127",126,0.342135529420585,0.587593392196295,0.688793784349975
"128",127,0.207463745158518,0.425952381443993,0.640023835174151
"129",128,0.180047359775343,0.308973904386469,0.515116881425496
"130",129,0.240784603009625,0.292510202469571,0.420158053212317
"131",130,0.391290468444518,0.39167422661462,0.417204630644448
"132",131,0.519663763808611,0.56709256504825,0.526755690642985
"133",132,0.417690689485487,0.623053459017252,0.662145639942598
"134",133,0.248891452680223,0.491116129356807,0.6724132083079
"135",134,0.182599579916256,0.346601678186787,0.565649205968768
"136",135,0.208196053853362,0.288899270141093,0.451245765121639
"137",136,0.32358428691272,0.340629300522036,0.407565438034661
"138",137,0.485182066714741,0.497444091636153,0.473745624641976
"139",138,0.480087240782225,0.623951791607487,0.615278650878862
"140",139,0.306628482463519,0.55282271759723,0.684069142427172
"141",140,0.198749233481729,0.396778784228305,0.613221896454118
"142",141,0.19037255297143,0.301960789324158,0.492079538263162
"143",142,0.268769645040362,0.309009329709405,0.415447804466739
"144",143,0.425367607199899,0.42829904163497,0.43638875226105
"145",144,0.509704896898985,0.590325834540765,0.55875666143199
"146",145,0.375293930097939,0.598898497872652,0.671944484687026
"147",146,0.229548495557369,0.455474964537224,0.651209881823311
"148",147,0.185735392163369,0.329899805303327,0.538358689012107
"149",148,0.229282139137588,0.295798795433507,0.437813799440709
"150",149,0.359541537211159,0.371054292715582,0.417088789521842
"151",150,0.498731055327678,0.532804196791655,0.504136992411925
"152",151,0.441759071529641,0.617934841981023,0.638046737498553
"153",152,0.275703072802727,0.515927845433959,0.673227689830158
"154",153,0.193760757858147,0.370846902935733,0.585074245906546
"155",154,0.20434595832219,0.299189273587235,0.471323323779551
"156",155,0.300742737517771,0.330643291936275,0.41513386851282
"157",156,0.455270635275093,0.46685214911078,0.460291393777406
"158",157,0.487978926116694,0.604614098569794,0.589520441871365
"159",158,0.335109685166908,0.568420836363131,0.674702471013666
"160",159,0.21495619462412,0.422012144674936,0.626487032059073
"161",160,0.192502582712778,0.317474861342231,0.512317608483165
"162",161,0.254711945718117,0.30779529150438,0.428314071767397
"163",162,0.395938648398006,0.405834042811924,0.431900208750056
"164",163,0.500179943252616,0.563055411056864,0.536445609738658
"165",164,0.399948946448483,0.601930078671991,0.654661356243443
"166",165,0.250204148715533,0.478688729479488,0.656553863558972
"167",166,0.192826258118143,0.349060352446707,0.556597592637967
"168",167,0.22253603087112,0.301425500323695,0.453829040355572
"169",168,0.335964296249651,0.357698050284403,0.420057742652272
"170",169,0.477173093958795,0.504920266714628,0.4884518805729
"171",170,0.456147637614591,0.608001276959562,0.616789405012442
"172",171,0.299208116167635,0.533562335204832,0.669976815217314
"173",172,0.2052764539756,0.391930426548838,0.599269460968925
"174",173,0.203384773495223,0.310028691501596,0.488543163798794
"175",174,0.284555032348456,0.32548096582989,0.42365381750358
"176",175,0.429733949273962,0.443734153807931,0.452208966380889
"177",176,0.488192218760584,0.58497816361329,0.568734508925466
"178",177,0.358112820829743,0.577114094302681,0.663700308345968
"179",178,0.230495989670715,0.442864240368949,0.634886603909374
"180",179,0.196219475630311,0.332155162521314,0.528913205335939
"181",180,0.245359688686574,0.309315943047218,0.440531284461183
"182",181,0.372775296161024,0.389906965671673,0.430817851551903
"183",182,0.4875000827149,0.539319606840179,0.519696933210628
"184",183,0.417528442558002,0.599853484171538,0.638342382999464
"185",184,0.268950920524537,0.496629104803938,0.65804565321693
"186",185,0.200553613618409,0.366230690730847,0.570811328336883
"187",186,0.218820804827136,0.30816476242014,0.468043950785813
"188",187,0.318280665983071,0.349135491614133,0.424612272298131
"189",188,0.457070797606811,0.482538522086078,0.477645219104767
"190",189,0.463648475470099,0.595989420406519,0.598603224493322
"191",190,0.319286829183467,0.54566270481899,0.664458921124317
"192",191,0.216623896986688,0.410021100874756,0.609478810955223
"193",192,0.204215406269786,0.320743089442199,0.503180722629724
"194",193,0.272937115667767,0.323357869548421,0.432304568572632
"195",194,0.40841270304166,0.426223156971148,0.447655180398097
"196",195,0.483951037371028,0.566533243282937,0.55212943158447
"197",196,0.376214968332124,0.581003647046269,0.652367323620529
"198",197,0.244997499037261,0.459899795763954,0.639810574052767
"199",198,0.200826529851349,0.345706410966532,0.54245539737
"200",199,0.239166894878441,0.312412999121248,0.451786585599714
"201",200,0.354511437386847,0.378582219022809,0.431785401051849
"202",201,0.473954986437485,0.519140890275386,0.507158770414064
"203",202,0.429519828904098,0.594766515920795,0.623554504998541
"204",203,0.285609843260654,0.510263002604221,0.657029403870352
"205",204,0.208470796182184,0.381418322455049,0.581809958824494
"206",205,0.217110791050775,0.31534160321278,0.480518107165038
"207",206,0.30488786400818,0.343814654709074,0.429918170216103
"208",207,0.439132897748206,0.464642620847357,0.470291952266662
"209",208,0.466443115612368,0.583452168793193,0.583287860539824
"210",209,0.33610309435099,0.553580686985345,0.657807762967348
"211",210,0.227486757329123,0.425392947438935,0.61666207388928
"212",211,0.206170323396092,0.33097723414638,0.515553932340706
"213",212,0.264542885868394,0.323181956950619,0.440665499987161
"214",213,0.390764418119241,0.41291631576021,0.445439635966236
"215",214,0.477332381024363,0.54988442738116,0.538929642535177
"216",215,0.390131187159596,0.581627566921812,0.641419604019452
"217",216,0.258267706023776,0.473675076371186,0.642259164380961
"218",217,0.205893713676169,0.358022226548571,0.55345963992353
"219",218,0.235159154107748,0.316391434502757,0.461979213916164
"220",219,0.340045632713055,0.370546226441144,0.433970454145751
"221",220,0.460743737167063,0.502191664769533,0.497795427861527
"222",221,0.43727913606405,0.588081883569432,0.610475447125809
"223",222,0.300168730804846,0.520456123015428,0.654457513704033
"224",223,0.216273807074521,0.394717198067737,0.590258426928916
"225",224,0.216736267998548,0.322539879989799,0.491377031518067
"226",225,0.294663053085587,0.340709374452411,0.435473268917274
"227",226,0.423483825176159,0.450337175748709,0.465392000961684
"228",227,0.466148930003635,0.571255296491716,0.57050301935715
"229",228,0.349969704728469,0.558395976489926,0.650735714484764
"230",229,0.237674705219626,0.438355118998869,0.621560997473908
"231",230,0.208815405899947,0.340544945931216,0.525972038208741
"232",231,0.258468600628403,0.324250357955386,0.44852196195018
"233",232,0.376191556551807,0.402778341907024,0.444778583219319
"234",233,0.469629042862684,0.535181580508774,0.528457094275393
"235",234,0.400621941065426,0.580120774937141,0.631219044945062
"236",235,0.270226739106808,0.484723386896609,0.642989125926817
"237",236,0.211126424129416,0.369086325162125,0.562370523543068
"238",237,0.23268314831085,0.320803734593761,0.471102689575477
"239",238,0.328525539803702,0.364884117260059,0.436840954649474
"240",239,0.448430990257837,0.488030057094788,0.490822744569997
"241",240,0.441909162562389,0.580690275034045,0.599069773712633
"242",241,0.312734867037101,0.527930409398262,0.650966119667472
"243",242,0.223781021014003,0.406284397028344,0.596692240628566
"244",243,0.217260033399283,0.329524691917997,0.500787028034312
"245",244,0.286807199313345,0.3391347366706,0.440991243824356
"246",245,0.40998321271113,0.438883053632146,0.462243555787309
"247",246,0.463905459360965,0.559836413427518,0.559879278841509
"248",247,0.361264508576251,0.560951315256836,0.643680548470347
"249",248,0.247087441833041,0.449223908904522,0.624750079146028
"250",249,0.211858889934715,0.349363046464412,0.534722248254982
"251",250,0.254089977946053,0.326099770919358,0.455777098807821
"252",251,0.364145125452229,0.395038867344627,0.445142903856064
"253",252,0.461608991897863,0.522351065411023,0.520155042957667
"254",253,0.408364458284717,0.577264414276116,0.621913410166007
"255",254,0.280889444513167,0.493517225173835,0.642534600797836
"256",255,0.216342901255811,0.378954162068971,0.569564293028506
"257",256,0.231300020071926,0.325377685207592,0.479215244049691
"258",257,0.319303695487632,0.360958773429861,0.440067013051603
"259",258,0.437233027032469,0.476217216672904,0.485659631159857
"260",259,0.444271511787703,0.573141118767761,0.589203778256897
"261",260,0.323476196262786,0.533277269001569,0.646984026750737
"262",261,0.230885234995374,0.41629536199036,0.601535551661723
"263",262,0.218385293598583,0.336163722890271,0.508917975997476
"264",263,0.280748146550481,0.338624402066232,0.446309423839682
"265",264,0.398397024044702,0.42969454052431,0.460354279660456
"266",265,0.460488991480703,0.549382646894684,0.551071391796171
"267",266,0.37036843229068,0.561879771692727,0.636891198798373
"268",267,0.255688239229383,0.458293796369382,0.626663230928974
"269",268,0.21510737600879,0.357411648308399,0.542056017821537
"270",269,0.250971568154486,0.328424837685102,0.462403143651273
"271",270,0.354167755201655,0.389134787332468,0.446177676044131
"272",271,0.453730185744223,0.51123584332768,0.513577214847961
"273",272,0.413937110205894,0.573615441235084,0.613550224105474
"274",273,0.290307977126797,0.500452430702449,0.641282488156315
"275",274,0.221423452219104,0.387705675603483,0.575348353372244
"276",275,0.230700670713711,0.329937299788382,0.486395575288713
"277",276,0.311888430682032,0.358311730243892,0.443432962460586
"278",277,0.427200126008276,0.466371778242731,0.481873160896828
"279",278,0.445018955268205,0.565763989871573,0.580712704837134
"280",279,0.332585295580352,0.53697389441973,0.642798468506944
"281",280,0.237522891533821,0.424920942817628,0.605125040805129
"282",281,0.219909344547613,0.342386390993066,0.515924379435037
"283",282,0.276072655590805,0.338855642831723,0.451337872860938
"284",283,0.388472740784439,0.422307274930627,0.459369543350736
"285",284,0.456428729342431,0.539944777078829,0.54377280439481
"286",285,0.37763053803537,0.561652918121354,0.630507989434703
"287",286,0.263483441734369,0.465827830955328,0.627622791836454
"288",287,0.21843401370418,0.364713043162998,0.548193868531023
"289",288,0.248798010849838,0.331021345194929,0.468415105080449
"290",289,0.345880081664453,0.384645055885445,0.447642012689923
"291",290,0.446219768217117,0.501636969414378,0.508375240577038
"292",291,0.417807992500221,0.569523617028008,0.606084811974316
"293",292,0.298579169224806,0.505871501458741,0.639503332416996
"294",293,0.226297704674727,0.395438109718443,0.57997733983094
"295",294,0.230674059154135,0.334381566422951,0.492733246360666
"296",295,0.305910194589567,0.356623209792448,0.446811880767795
"297",296,0.418279081092614,0.458156204963391,0.479140093207503
"298",297,0.444632790301123,0.55874264927561,0.573424911611754
"299",298,0.340260280558929,0.539395263640024,0.638593134407739
"300",299,0.243668023831142,0.432327633233054,0.607726184015807
"301",300,0.221687072805839,0.34816221076161,0.521951997140483
"302",301,0.272474619226761,0.339601836622361,0.456033323261659
"303",302,0.379983918986426,0.41637280890592,0.459043445221004
"304",303,0.45206517232619,0.531503888016749,0.537738527576169
"305",304,0.383358458126613,0.560619681911667,0.624596159753999
"306",305,0.270494609245512,0.472052972673209,0.627879116353391
"307",306,0.221747035169437,0.371295158548447,0.553312864224535
"308",307,0.247349306998607,0.333751543709752,0.473835922841711
"309",308,0.338989017512792,0.381262117917728,0.44937087351358
"310",309,0.439219432387635,0.493377038479488,0.504277064027154
"311",310,0.420364544959258,0.565263112181665,0.599477739858232
"312",311,0.305787706567922,0.510048938817175,0.637404004221421
"313",312,0.23091174525797,0.402237452895335,0.583654187367163
"314",313,0.23105978457545,0.338636226263387,0.49830591577492
"315",314,0.301088632655619,0.355651800289848,0.450111886788907
"316",315,0.410400485939541,0.451311310583427,0.477221782283348
"317",316,0.443466650772203,0.552181750039599,0.567190669536386
"318",317,0.346679120130025,0.540830703491068,0.634488233923394
"319",318,0.24931558698372,0.438663811589557,0.609544374068606
"320",319,0.223618694043747,0.353485733923562,0.5271267054934
"321",320,0.269724541613212,0.340701264889443,0.460379830908872
"322",321,0.372723868770056,0.411610126845956,0.459190449792237
"323",322,0.447624451287538,0.523996870257748,0.532753914016821
"324",323,0.387825401633041,0.559040830228329,0.619175877380832
"325",324,0.276768714180695,0.47717376323893,0.627621308516464
"326",325,0.224987559279304,0.377208527849407,0.557573581671819
"327",326,0.246453438085876,0.336521190761285,0.478708195778903
"328",327,0.333239015960978,0.378737688935077,0.451247231270758
"329",328,0.432774468473987,0.486267097021605,0.501054288703879
"330",329,0.421924110611025,0.561003690948661,0.593648219087696
"331",330,0.312046275209494,0.51322795656704,0.635130880246371
"332",331,0.235240988260168,0.408204901282048,0.586557621399391
"333",332,0.231735248735028,0.342661804895763,0.503201388463474
"334",333,0.297191192651841,0.355210356310214,0.45327868836216
"335",334,0.40346013754888,0.445598608002929,0.475923869077015
"336",335,0.441786876957045,0.546123216892797,0.561862383516121
"337",336,0.352025224251742,0.541525572484201,0.630559931440685
"338",337,0.254474354366055,0.444073040958281,0.610755387932574
"339",338,0.225625045024778,0.358364471168924,0.531564814296175
"340",339,0.267640482474423,0.342031035908173,0.464376641825062
"341",340,0.36650462910794,0.407785447795194,0.459668638444063
"342",341,0.443265179952476,0.517350205107057,0.528635170423873
"343",342,0.391262480312436,0.557116745971162,0.614251539028661
"344",343,0.282353967630641,0.481364876582468,0.626998138625763
"345",344,0.228109010038102,0.382500523058956,0.561111206357918
"346",345,0.24597585466546,0.339258031349057,0.483071793339406
"347",346,0.328447341030798,0.376894799247476,0.453187354014878
"348",347,0.426896745130036,0.480166863454545,0.498549097930215
"349",348,0.42270681346348,0.556844160277592,0.588525614036871
"350",349,0.317448980205597,0.515588220583627,0.632777246364292
"351",350,0.239274308953221,0.413421392129706,0.588818390550032
"352",351,0.232622709248551,0.346440979531346,0.507488890691099
"353",352,0.294054330085915,0.355173981469025,0.456284424780998
"354",353,0.3973629937912,0.440838835768801,0.475110216034098
"355",354,0.439783791207157,0.54058228503709,0.557318990016433
"356",355,0.35643402121731,0.541647937466184,0.626856715765241
"357",356,0.259155872429056,0.448661396693887,0.611480732524245
"358",357,0.227655416073086,0.36280998030936,0.535353570932168
"359",358,0.266098435206909,0.343510993727653,0.468029931580005
"360",359,0.361193387703011,0.404746137542845,0.460390398812774
"361",360,0.43906299959834,0.51148797922,0.52525604125504
"362",361,0.39384233488497,0.554968480227138,0.609797814663624
"363",362,0.287298514419955,0.484756555797121,0.626106741665235
"364",363,0.231091273078973,0.387217535529645,0.564023991294935
"365",364,0.245833444046002,0.341927662639987,0.486967010384107
"366",365,0.324464697864929,0.375603417133264,0.455142763052514
"367",366,0.421570868596341,0.474948060561989,0.496634979065011
"368",367,0.422887083812094,0.552851056368287,0.584043385841378
"369",368,0.322078148908192,0.517269619797823,0.630408785236294
"370",369,0.243010245554831,0.417959292841118,0.590538573189361
"371",370,0.233666863158896,0.349968518557045,0.511229195000746
"372",371,0.291554327823013,0.355454384070709,0.459116589380383
"373",372,0.392016937933753,0.436886437652773,0.474680682657747
"374",373,0.437586447531426,0.535544468202719,0.553456643039263
"375",374,0.360045608271101,0.54134170665321,0.623394700915355
"376",375,0.263389286100849,0.452541432031945,0.611826269571642
"377",376,0.229673921459736,0.366849822004124,0.538581571545766
"378",377,0.264989134111721,0.345079410733025,0.471359727605498
"379",378,0.356646107749011,0.402336138343076,0.461274513384955
"380",379,0.435087380287169,0.506329491489788,0.522482617332036
"381",380,0.395738155069852,0.552719737599705,0.60579730978493
"382",381,0.291657827236186,0.487485545038054,0.625042796441237
"383",382,0.233908544921071,0.391408648514902,0.566415403123155
"384",383,0.245935901257402,0.344488870307498,0.490434293309664
"385",384,0.321140281528577,0.374728603062685,0.457062942010165
"386",385,0.416769770249887,0.47046747581665,0.495173308532803
"387",386,0.422656283315029,0.549087729245817,0.580121264270801
"388",387,0.326046749510964,0.518438909394041,0.628096640692133
"389",388,0.246444695539083,0.421908015799348,0.591841335893435
"390",389,0.23478778395778,0.35322791318518,0.514496017214061
"391",390,0.289552602137948,0.355939321183835,0.461749926765946
"392",391,0.387344876780647,0.433609414881958,0.474532149802001
"393",392,0.435299894274521,0.530990328356846,0.550181168217763
"394",393,0.362977934237986,0.540723285913004,0.620189646929482
"395",394,0.267197454361418,0.455805706406507,0.611879322344996
"396",395,0.231648369084334,0.370504354069589,0.541320975152786
"397",396,0.264229960755227,0.346687181663114,0.474380638857042
"398",397,0.352771848590437,0.400459360440772,0.462270416298802
"399",398,0.431353154370379,0.50180816510721,0.520235096963828
"400",399,0.39705562054465,0.550419930580685,0.602213344372163
"401",400,0.295481031713803,0.489638506491852,0.623851625851214
"402",401,0.236564932139803,0.395121407311623,0.568351002406681
"403",402,0.246247366320919,0.346941815938808,0.493513876557586
"404",403,0.318398491443228,0.374216988384182,0.458939488402238
"405",404,0.412453857186365,0.46665455797159,0.494114945107711
"406",405,0.422072359940134,0.545548596089659,0.576710132623887
"407",406,0.329404011678814,0.519150445975508,0.625846426747405
"408",407,0.249599272243582,0.42531568197108,0.592767007013347
"409",408,0.2359865163548,0.356245812559685,0.517329123205775
"410",409,0.287997140402152,0.356612023351757,0.464206447928852
"411",410,0.383261772191961,0.430914673617598,0.474622723023265
"412",411,0.432988157347876,0.526892032876951,0.54741660924329
"413",412,0.365322520882644,0.539868498311082,0.617238078731019
"414",413,0.270607525753809,0.458527250460553,0.611698008366811
"415",414,0.233562493474325,0.373799066806546,0.543631699198398
"416",415,0.263757381478624,0.348302672588617,0.477112487119615
"417",416,0.349477043503226,0.399022580605121,0.463335385073377
"418",417,0.427885010538422,0.497853720710909,0.518423289667091
"419",418,0.397919460628874,0.548139715443846,0.599017814331895
"420",419,0.298817708572451,0.491315582466608,0.622595560815831
"421",420,0.239043306410985,0.398395118034509,0.569905972959014
"422",421,0.24670230595746,0.349256114516246,0.49623796811614
"423",422,0.316138466281918,0.373976057142418,0.460737079965405
"424",423,0.408599966385289,0.463414637533771,0.493368815862887
"425",424,0.421258046979804,0.542268766120186,0.573754303961543
"426",425,0.332230745803233,0.519516121845049,0.623702677396193
"427",426,0.252469271678971,0.42824229765825,0.593397838043048
"428",427,0.237209650060519,0.359010260379706,0.51977596979307
"429",428,0.286799913299875,0.357400106241278,0.466469919026927
"430",429,0.379709282598888,0.428711376956236,0.474885842481296
"431",430,0.430696839795093,0.523213477786501,0.545094587378101
"432",431,0.367164947539185,0.538841297038773,0.614531760194897
"433",432,0.273646510047506,0.460773322025222,0.611334036444625
"434",433,0.235405366289184,0.376758080687659,0.545563231216648
"435",434,0.26352585782814,0.349907558506922,0.479575372564437
"436",435,0.346684676978778,0.397956743486068,0.464444205796564
"437",436,0.424671089703291,0.49440602695909,0.516988537400045
"438",437,0.398392952842291,0.54589417170898,0.596174741680618
"439",438,0.301711863249889,0.492573533516778,0.621291865209274
"440",439,0.241357808153762,0.401272075714641,0.571123562581161
"441",440,0.247288414743005,0.35144739076032,0.498641428011341
"442",441,0.314299931507486,0.373973388362647,0.462464171603583
"443",442,0.405147245182066,0.46067094391409,0.492893649358861
"444",443,0.420248680782032,0.539216722471453,0.571194309371584
"445",444,0.334588912477868,0.519580145419016,0.621652678340479
"446",445,0.255089969266574,0.430745859310632,0.593769543221848
"447",446,0.238460778417563,0.361556287537572,0.521884832313676
"448",447,0.285917374778201,0.358294402972713,0.468568344864231
"449",448,0.37661770673784,0.426935952189362,0.475300099714308
"450",449,0.428453596483792,0.519920875936735,0.543160695719567
"451",450,0.368576228303932,0.537689878561009,0.612058670321774
"452",451,0.276350263492853,0.462608809609144,0.610824807915609
"453",452,0.237174311229153,0.379415394459774,0.547167883679019
"454",453,0.263490837998888,0.351487795609923,0.481796475783835
"455",454,0.344324661638697,0.397200853697633,0.465577007890796
"456",455,0.421704961190691,0.491402679783432,0.515869857103541
"457",456,0.398557785935802,0.543713687822126,0.593650293271264
"458",457,0.304211937000703,0.493484198577726,0.619973188124402
"459",458,0.243508174971442,0.403792034193522,0.572058062150238
"460",459,0.247965470025145,0.353506077937314,0.500757593721754
"461",460,0.312819728635007,0.374156079169203,0.464106444803692
"462",461,0.402077718609911,0.458366504731509,0.492637239887024
"463",462,0.419121427077977,0.536415366335827,0.568996666616199
"464",463,0.33653088949086,0.51941425850772,0.619725307109506
"465",464,0.257457205467536,0.432865541386732,0.593935094246845
"466",465,0.239705247812025,0.363875609207986,0.523685442949011
"467",466,0.28529419455373,0.359248705078093,0.470491392210484
"468",467,0.373946379499939,0.425525890968734,0.475819145891714
"469",468,0.426289126790188,0.516989349615616,0.541565117771583
"470",469,0.369617116375485,0.536456775607329,0.609811828008556
"471",470,0.278733132767658,0.464077251522919,0.610207227343817
"472",471,0.238855376014014,0.381781129906843,0.548478000528326
"473",472,0.263619784972228,0.353024580040593,0.483783449466446
"474",473,0.342348654646133,0.396705707727309,0.466710230397619
"475",474,0.418992956632609,0.488807997532082,0.515022322471584
"476",475,0.398480145703819,0.541631777682273,0.591427029458616
"477",476,0.306352363657472,0.49410535257701,0.618668709215751
"478",477,0.245491598771186,0.405985598452143,0.572753267209591
"479",478,0.248705205347477,0.355426150665349,0.502609875549555
"480",479,0.311642425825522,0.374480580892137,0.465655142693062
"481",480,0.399350290126438,0.456437415700851,0.492555544844313
"482",481,0.417913816369439,0.533844443597191,0.567111738388611
"483",482,0.338116148066902,0.519066117029475,0.617917132075646
"484",483,0.259593944356165,0.434651487033907,0.593932682438854
"485",484,0.240933494086556,0.365988136475019,0.525218092258862
"486",485,0.284886677998554,0.360242645207307,0.472253588932615
"487",486,0.371637439007352,0.42442312760495,0.476418588317164
"488",487,0.424209370263352,0.514375810219467,0.54025828180094
"489",488,0.370348250031759,0.535170588365055,0.607769431178327
"490",489,0.280836417656871,0.465236768917856,0.609506009602983
"491",490,0.240455350646927,0.383894325707595,0.549539589847325
"492",491,0.263883115838964,0.354517687547114,0.485567703352765
"493",492,0.340710283736413,0.39643959561758,0.46784119209088
"494",493,0.416503459753581,0.486574476671221,0.514416577018694
"495",494,0.398178806875879,0.539629049069151,0.589469675563424
"496",495,0.308163499802718,0.494457538671716,0.617371355911812
"497",496,0.247325872735916,0.407878810700309,0.573225058560778
"498",497,0.249511322369781,0.35722557119224,0.504221137107169
"499",498,0.310747006784152,0.37494338048365,0.467123631914775
"500",499,0.396935351162927,0.45485633630233,0.492639623934576
"501",500,0.416633534685735,0.53148757466304,0.565517456784692
"502",501,0.339367030281692,0.518548231364724,0.616219744788518
"503",502,0.261516583540546,0.436126666231775,0.593772495229078
"504",503,0.242152107504627,0.367911407764296,0.52650180392023
"505",504,0.284682947869653,0.361279031515739,0.47386990661421
"506",505,0.369664550473837,0.423606497786217,0.477092682273947
"507",506,0.422234113960585,0.512075156210582,0.539219271823132
"508",507,0.370802563739486,0.533860708153431,0.605934187430103
"509",508,0.282661448378355,0.466109869993664,0.608745161273162
"510",509,0.241959894593411,0.385753538590468,0.550368738229867
"511",510,0.264259293568283,0.355949766206221,0.487147681800138
"512",511,0.33937356202351,0.396362221036619,0.468948901294944
"513",512,0.414243100513878,0.484670510105547,0.51401244930663
"514",513,0.397715657744212,0.53773758921486,0.587763321400248
"515",514,0.309678470755274,0.494596533832918,0.616111017253312
"516",515,0.249004655799339,0.409499418837221,0.573516018888788
"517",516,0.250350975227533,0.358892894868606,0.505611896074113
"518",517,0.310085873424098,0.375501678735105,0.468498360148746
"519",518,0.394810600430905,0.453572547026899,0.492847770844637
"520",519,0.415328448138862,0.529345594743344,0.564178436733235
"521",520,0.340328378239962,0.517910066618401,0.614646827816255
"522",521,0.263227306237725,0.437321068737405,0.593489251773315
"523",522,0.243341987598452,0.369645399396541,0.527558482883398
"524",523,0.284650257498143,0.36233291734628,0.47533836429019
"525",524,0.367993481412609,0.423036656536581,0.477820436347481
"526",525,0.420347805235752,0.510044908632748,0.538415535768502
"527",526,0.371009507893486,0.532523887022519,0.604278026334951
"528",527,0.284241846504147,0.466727226324399,0.60792601726598
"529",528,0.243387310840423,0.387391738028371,0.550990408580764
"530",529,0.264743622570747,0.357337305690393,0.488551225123436
"531",530,0.338303996873571,0.396459436434598,0.470044480321083
"532",531,0.412175931385306,0.483054683407927,0.513791275191359
"533",532,0.397100922033597,0.535934441315795,0.586275287953533
"534",533,0.31092912867818,0.494538704928977,0.614874658285516
"535",534,0.250552580655456,0.410879004368071,0.57364062012455
"536",535,0.251231949239277,0.360452722492466,0.506808965464917
"537",536,0.309637206521312,0.376155626215115,0.469799083549011
"538",537,0.392932788050647,0.452552852677578,0.493173185667526
"539",538,0.41398816620543,0.527381701833325,0.56306341574524
"540",539,0.341047784740002,0.517162560681506,0.613166721067206
"541",540,0.264772041980079,0.438293501775539,0.593105799045594
"542",541,0.244507760374193,0.371228968752719,0.528437686763576
"543",542,0.28474818918208,0.363397182665824,0.476689382550541
"544",543,0.366559792438901,0.422655195549148,0.478582719349604
"545",544,0.41856155335713,0.508243943087892,0.537792861141027
"546",545,0.371039855596474,0.531195979997669,0.602779619519397
"547",546,0.285620972527027,0.467154452522186,0.607082000077526
"548",547,0.244734637793449,0.388845713469914,0.55145658719671
"549",548,0.26529300411384,0.358666490276285,0.489806290861304
"550",549,0.337444615431052,0.396679967103862,0.471111053236307
"551",550,0.41028682683583,0.481677904755045,0.513707468653298
"552",551,0.396386250976439,0.534228223525855,0.584973590242037
"553",552,0.311961166709791,0.494336187477184,0.613678282804775
"554",553,0.251975616051144,0.412053923024598,0.573639102363423
"555",554,0.252128044673205,0.361904748908266,0.507840996959575
"556",555,0.309354265976751,0.376868997891147,0.471021436166354
"557",556,0.391276395097694,0.451751140367884,0.493581346247636
"558",557,0.412649593707855,0.525591651555834,0.562139120336658
"559",558,0.341552818945096,0.516339999595483,0.611792613042603
"560",559,0.266145414601565,0.439051953842817,0.592638573160584
"561",560,0.245642492695602,0.372659189657428,0.529143436820173
"562",561,0.28496962701813,0.364464576111876,0.477920253401972
"563",562,0.365360215902915,0.422458334245043,0.479376253043305
"564",563,0.416866486768506,0.506664111198551,0.537348859436446
"565",564,0.370891433563161,0.529869519621928,0.601432950537414
"566",565,0.286798003057718,0.467387650532866,0.606208840543568
"567",566,0.246005915476773,0.390114917479244,0.551763213192746
"568",567,0.265915528554943,0.359944649224553,0.490913526606806
"569",568,0.336793045367902,0.39702648804526,0.472153865049187
"570",569,0.408569158499968,0.480534286875336,0.513759945000542
"571",570,0.395572588995584,0.532614912604584,0.58385383590838
"572",571,0.312777212686503,0.493989954332203,0.612519345475136
"573",572,0.253276790569839,0.413027246253499,0.573512218353807
"574",573,0.25304311336705,0.363253527259805,0.508710812111973
"575",574,0.309233680673352,0.377642725419945,0.47216950937661
"576",575,0.389830299931015,0.451157998613197,0.494069430251715
"577",576,0.411312332824328,0.523966804879365,0.561397122640113
"578",577,0.341858012745352,0.515447660118563,0.610516830067332
"579",578,0.267358246443721,0.439613130117951,0.592095861661932
"580",579,0.246745131882865,0.373944730131977,0.529689791722329
"581",580,0.285301595047118,0.365530512160904,0.479037855065225
"582",581,0.364376213426099,0.422428075170377,0.48019330703262
"583",582,0.415267143441285,0.505293190627403,0.537066943666977
"584",583,0.370587862309467,0.528557813530202,0.600232649577142
"585",584,0.287785605242457,0.467448218382374,0.605318048704561
"586",585,0.247199105331063,0.391210094207253,0.551926865312842
"587",586,0.266598044122407,0.361167011001858,0.491881156248629
"588",587,0.336330214036408,0.397482078450552,0.473167332839144
"589",588,0.407014267378469,0.47960432729398,0.513932777081232
"590",589,0.394679671839903,0.531096351894689,0.582902404958363
"591",590,0.313397179145444,0.493520983819414,0.611402219529654
"592",591,0.254460280664929,0.413815432777517,0.573275942824725
"593",592,0.253968832732233,0.364500994458804,0.509431530479796
"594",593,0.309261894042841,0.378468461312185,0.473244125879039
"595",594,0.388580271903423,0.450757871700807,0.494630192337563
"596",595,0.409981146575528,0.522497403795798,0.560823939172653
"597",596,0.341980758894731,0.514496184912267,0.609335521728686
"598",597,0.268421442444252,0.439994400901375,0.591486657961797
"599",598,0.247816799607698,0.375096054902593,0.530089787131043
"600",599,0.285735399480386,0.366594782902208,0.480050533296944
"601",600,0.363583296811611,0.422544766024806,0.481030936266938
"602",601,0.413755089329672,0.504108199483184,0.536928251952525
"603",602,0.37014537131844,0.52726200079307,0.599166163416049
"604",603,0.288593842619058,0.46734551161811,0.604410865845623
"605",604,0.248321340418182,0.392141064677392,0.5519529931512
"606",605,0.267342423640033,0.362340849017336,0.492717844707181
"607",606,0.336048954594601,0.398046836338702,0.474157436315129
"608",607,0.405606372878494,0.478876392705707,0.51422464252233
"609",608,0.393703523866191,0.529658571681685,0.582107658969997
"610",609,0.313829683243047,0.492929316044107,0.610318153310869
"611",610,0.255539360362034,0.41443119564037,0.572932479269828
"612",611,0.25491506456117,0.365662517873923,0.510013049142405
"613",612,0.309431726729563,0.379350320105888,0.474258000421381
"614",613,0.387506091442015,0.45053645285636,0.495262413902229
"615",614,0.408648784295299,0.521165839404291,0.560406081088086
"616",615,0.341931973112433,0.513483418737463,0.608236302673718
"617",616,0.269347483302202,0.440206308104803,0.590810816313361
"618",617,0.248865337541023,0.376125764733454,0.530352764202227
"619",618,0.286269045755481,0.367663708197145,0.480969218635852
"620",619,0.362969778367759,0.422804604245105,0.481893322785259
"621",620,0.412317642554896,0.503094864748041,0.536926857265198
"622",621,0.369574767948474,0.525970632662754,0.598213047725112
"623",622,0.289260211373955,0.467113653276371,0.603487864240781
"624",623,0.249382330763636,0.392941722867732,0.551875705387292
"625",624,0.268127869488116,0.363469682865956,0.49345039254008
"626",625,0.335900356359288,0.398684751497119,0.475121606169558
"627",626,0.404327169478344,0.478303436949761,0.514596286876347
"628",627,0.392685334498972,0.528305252632571,0.581440902984498
"629",628,0.314116446377965,0.49225711090986,0.609276626582843
"630",629,0.256519099121762,0.414904048577967,0.572513784236186
"631",630,0.255857922620574,0.366736244893465,0.510479618624155
"632",631,0.309707543411947,0.380259756636292,0.475206594448136
"633",632,0.386587393265316,0.450459734173663,0.495940707761228
"634",633,0.407338192976401,0.51996492725243,0.560117489019976
"635",634,0.3417487617791,0.512439743890551,0.607220310531628
"636",635,0.270149123531382,0.440280650865031,0.590093760140926
"637",636,0.249878658937916,0.377042194939497,0.530502974833404
"638",637,0.286873186097761,0.368719184032817,0.481798607344713
"639",638,0.362502806307035,0.423169442506762,0.48276073762494
"640",639,0.410960826732781,0.502228376856999,0.537030072820705
"641",640,0.368909767079846,0.524711284598014,0.597373671952547
"642",641,0.289775838034578,0.466755597572014,0.602563693283323
"643",642,0.250378096565962,0.393603349117991,0.551688410290613
"644",643,0.26896083701503,0.364553184920474,0.494071623816116
"645",644,0.335902517600146,0.39941114441883,0.476062583102973
"646",645,0.40317006536359,0.477898562620634,0.515066280545414
"647",646,0.391598968530654,0.527018958828368,0.580904498491138
"648",647,0.314245854743056,0.491483389830984,0.608263660391068
"649",648,0.257408754575811,0.415230426184278,0.572005145197495
"650",649,0.256819431976227,0.367736938070385,0.510827634808519
"651",650,0.310103723131905,0.381217687044496,0.476104281723475
"652",651,0.385809405707582,0.450528151317136,0.496679168716616
"653",652,0.406022016404917,0.518869502490776,0.559952785716235
"654",653,0.341427835075583,0.511345322174568,0.606267930874576
"655",654,0.27084245713988,0.440219922738982,0.589321400356585
"656",655,0.250877535862754,0.377864252481443,0.530543907207227
"657",656,0.287560258545938,0.369783174588307,0.482555993659734
"658",657,0.362178419613788,0.423650614836653,0.483650215047559
"659",658,0.40966282414654,0.501499372798783,0.537244303387569
"660",659,0.368138955997286,0.52345595940072,0.596628667870102
"661",660,0.290169781701141,0.466288372196445,0.601626906891178
"662",661,0.251320018340853,0.394152892536481,0.551413551406651
"663",662,0.269828164246141,0.365596823048372,0.494603751917473
"664",663,0.336015124830296,0.40019710037871,0.476979789722011
"665",664,0.402120493796827,0.477620777196204,0.515600530611183
"666",665,0.390487820980873,0.52580869011008,0.580472596791837
"667",666,0.314260035348192,0.490652359306627,0.607290489397102
"668",667,0.25821730498704,0.415446037494404,0.571441967143747
"669",668,0.257774303460106,0.368665560095412,0.511086355033218
"670",669,0.310576991569029,0.382191040882433,0.476947544362905
"671",670,0.385153372412424,0.450701462034351,0.497443247176735
"672",671,0.404743598043328,0.517889673520714,0.559887907122508
"673",672,0.341009217106605,0.510241766140457,0.605391121008302
"674",673,0.271427289340308,0.440051351925368,0.588527932164351
"675",674,0.251834516425769,0.378584680557491,0.530495502311456
"676",675,0.28829585387942,0.370822522885226,0.483232385084949
"677",676,0.361981363321065,0.424219791497862,0.484537196047607
"678",677,0.408438228880509,0.500899699589551,0.537548124765912
"679",678,0.367296990438949,0.522226850526483,0.595972846549667
"680",679,0.290451986302334,0.465731436632032,0.60069252200098
"681",680,0.252209698844564,0.394598520412252,0.551060242596629
"682",681,0.270726249587455,0.366602551710652,0.495052696511525
"683",682,0.33623631965139,0.401044374147115,0.477876429670687
"684",683,0.401163610264128,0.47746721300165,0.516204859806193
"685",684,0.389327897415004,0.524649485010667,0.580138856360083
"686",685,0.314154208283411,0.489745580165494,0.606340830598497
"687",686,0.258951764527487,0.415545085818479,0.570809854675162
"688",687,0.25874073223613,0.36953336714131,0.511251429410894
"689",688,0.311143358017054,0.383199122127728,0.477747963104583
"690",689,0.384610706673775,0.450992111070237,0.498254686024419
"691",690,0.403462894557586,0.516995986214883,0.559922863721277
"692",691,0.340480594946736,0.509099432025467,0.604567000648965
"693",692,0.271923159646635,0.439774068703019,0.587690992779484
"694",693,0.252779154877604,0.379227892465386,0.53035869493463
"695",694,0.289098481577654,0.371868345093595,0.483850164732602
"696",695,0.361892718581545,0.424876306630823,0.485439939753136
"697",696,0.407260737486484,0.500401392307614,0.537932428348793
"698",697,0.366377779248056,0.521008497272153,0.595394225253974
"699",698,0.290629306532825,0.465082464856963,0.599750112715755
"700",699,0.253055849833966,0.394947930862949,0.550629277797576
"701",700,0.271660910148626,0.367579589993482,0.495425423192852
"702",701,0.336559099391927,0.401952564128869,0.478758627057806
"703",702,0.400293023830174,0.477426428693735,0.516872744620191
"704",703,0.388133919261301,0.523546204541983,0.579895684155505
"705",704,0.313943297882691,0.488778220897615,0.605417427935539
"706",705,0.259619590679263,0.415544715985531,0.570122005731459
"707",706,0.259713028793085,0.370345400090248,0.511336519261288
"708",707,0.311790313035629,0.384236068891984,0.47850907607609
"709",708,0.384169800532296,0.451386518822841,0.4991061201364
"710",709,0.402184347461534,0.51618188015676,0.560047000732198
"711",710,0.339855475896989,0.50792621202748,0.603792521380466
"712",711,0.272335450349046,0.439398528644424,0.58681800810864
"713",712,0.253708647491243,0.379797608950733,0.530141552789846
"714",713,0.289961316826859,0.372917056563278,0.484411893144826
"715",714,0.361906649053086,0.425616007796174,0.486357080052436
"716",715,0.406132000480497,0.50000636219087,0.538396993175871
"717",716,0.365384446636942,0.519803150650423,0.594892749206445
"718",717,0.290699978250813,0.464339670071989,0.598799526094473
"719",718,0.253859891339372,0.395200056248367,0.550117299897361
"720",719,0.27263752463606,0.368531216141669,0.495721713169918
"721",720,0.336988446851508,0.402928528417687,0.479630464943441
"722",721,0.399499991958817,0.477497578099809,0.517610136650197
"723",722,0.386897126999722,0.522487845353701,0.579738047509274
"724",723,0.313628755868116,0.487745203338354,0.604513073399924
"725",724,0.260226809529068,0.41544731850486,0.56937502368097
"726",725,0.26069820968854,0.371108841232195,0.511344031314094
"727",726,0.312518146133305,0.385306856691046,0.479236948616689
"728",727,0.383821498548352,0.451875313372272,0.499995013214763
"729",728,0.40091677784054,0.51545079712326,0.560256620180973
"730",729,0.339135098966191,0.506727441275215,0.603072995449675
"731",730,0.272658318676701,0.438921302904035,0.585910710662821
"732",731,0.254621208491818,0.380289198851063,0.529839923874443
"733",732,0.290884973395802,0.373965940366755,0.484914422112503
"734",733,0.362026857925075,0.42644038188881,0.48728681886058
"735",734,0.405047224087216,0.499712089008884,0.538942382118385
"736",735,0.36432068654864,0.518601046262087,0.59445591656826
"737",736,0.290689890863962,0.463527986856546,0.597843088258823
"738",737,0.254624069292362,0.395376589353058,0.549550395462066
"739",738,0.27363120829501,0.369450481915536,0.495958088508028
"740",739,0.337491191576402,0.403942751615225,0.480483018456594
"741",740,0.398781425838548,0.477658028697501,0.518391107178553
"742",741,0.385638877336598,0.521479607066474,0.579655783543434
"743",742,0.313227758943558,0.486667262380492,0.603636093205794
"744",743,0.260771179577552,0.415263582189578,0.568584574524393
"745",744,0.261682302389183,0.371818456299546,0.511281493871375
"746",745,0.313307866088643,0.38639230751768,0.479925212499087
"747",746,0.383561136058123,0.452448779041773,0.500910990675406
"748",747,0.399652438623645,0.514783275954004,0.560537757252367
"749",748,0.338349650697005,0.5055088782303,0.602388209833708
"750",749,0.272925263491108,0.438382835351133,0.584983205069081
"751",750,0.255515152759285,0.380728356945416,0.529490465974779
"752",751,0.291841132736754,0.375009066998108,0.485375641328899
"753",752,0.362213791380145,0.427314060768517,0.488218592811758
"754",753,0.403999425317973,0.499484752194347,0.539535642103736
"755",754,0.363217073287256,0.517416664683421,0.594072582168998
"756",755,0.290607089067816,0.462658519256647,0.596888152326241
"757",756,0.255355125397865,0.395485638250821,0.548931856601936
"758",757,0.274650253006562,0.370349072374232,0.49614080481498
"759",758,0.338061637227849,0.404996641010654,0.481324780294125
"760",759,0.398118298288908,0.477890165066943,0.519212858026951
"761",760,0.384362809812469,0.520508402595763,0.579630742510049
"762",761,0.312760284708765,0.485553228582828,0.60277802582401
"763",762,0.261268138770671,0.4150130085555,0.567759183831816
"764",763,0.262667710531982,0.372488070009069,0.511165406496788
"765",764,0.314151475771231,0.387495956320791,0.480585422130205
"766",765,0.383366639642267,0.453086620693377,0.501849779615051
"767",766,0.398401720035627,0.51417612361095,0.560876468837713
"768",767,0.337502595012387,0.504280971827102,0.601747114575001
"769",768,0.27312552987591,0.437774755178281,0.584037247336145
"770",769,0.256392050966249,0.381108547048711,0.529082185639147
"771",770,0.292835203911285,0.376045927111535,0.485791723563062
"772",771,0.362473571543993,0.4282411185705,0.48915279824918
"773",772,0.402991533532129,0.499329991665068,0.54018091574588
"774",773,0.362071644194521,0.516248072922451,0.593743084494384
"775",774,0.290455289450475,0.461735682773809,0.595935426239379
"776",775,0.256050940267976,0.395529535699332,0.548266776258831
"777",776,0.27568726273044,0.371221982908875,0.49627169081
"778",777,0.338697036055654,0.406086039040603,0.482151870756092
"779",778,0.397511482460558,0.478196177405162,0.520074488739813
"780",779,0.383065761962533,0.519573385415965,0.579664678741188
"781",780,0.312224126415188,0.484401408515033,0.601938704139802
"782",781,0.261719092998595,0.414696690064272,0.566898264807073
"783",782,0.263657437474658,0.373120144900584,0.510995672155515
"784",783,0.315046033161114,0.388616643653117,0.481219159684114
"785",784,0.383235573960328,0.453786115967996,0.502809699182875
"786",785,0.397163747159003,0.513624804954465,0.561268367970327
"787",786,0.336600710369055,0.503041830388188,0.601141237095523
"788",787,0.27326719322539,0.437105279656331,0.583074947762739
"789",788,0.257251715703001,0.381435364982739,0.52862255524433
"790",789,0.29386564829598,0.377078253081799,0.486167027780507
"791",790,0.362802560774211,0.429223900425139,0.490094639963645
"792",791,0.402013771039179,0.499241140417947,0.540878404863471
"793",792,0.360880991819351,0.515086989489238,0.593461252936719
"794",793,0.290238601153733,0.460758051784865,0.594979092673279
"795",794,0.256717950985458,0.395513155278181,0.547554585815368
"796",795,0.276747639437837,0.372076404547684,0.496355236043721
"797",796,0.339395292385963,0.407213821811882,0.482970116252453
"798",797,0.396952961627068,0.478569704709715,0.520975904241632
"799",798,0.381746240478101,0.518668181413565,0.57975201505343
"800",799,0.311624123123797,0.483211685651804,0.601113630875019
"801",800,0.262128109700238,0.41431800151824,0.566001820489475
"802",801,0.264653434727423,0.373718502100996,0.510775776236533
"803",802,0.315993016162827,0.38975796595586,0.481830046214986
"804",803,0.383162574941685,0.454549665711101,0.503797035035934
"805",804,0.395920768928997,0.513116581989398,0.561715298794409
"806",805,0.335639264020721,0.501780052167345,0.600562459315329
"807",806,0.273359764806358,0.436376115589702,0.582087325619399
"808",807,0.258106874198467,0.381720639373084,0.528114123918375
"809",808,0.294937375683941,0.378118226797952,0.48651182673994
"810",809,0.363189627187269,0.430257892448005,0.491048425833809
"811",810,0.401055300264372,0.499205678098791,0.541622475019312
"812",811,0.35964621215466,0.513928815545172,0.593220726324931
"813",812,0.289958788456789,0.459722547858744,0.594014344583371
"814",813,0.257363422675068,0.395439473665609,0.546791672959981
"815",814,0.277842082864156,0.372922651016276,0.496394349824477
"816",815,0.340160428843181,0.408389613021344,0.483788515270009
"817",816,0.396436267441547,0.479012413798457,0.521924276305747
"818",817,0.380394487337021,0.517788135732841,0.579895200741608
"819",818,0.310947290908293,0.481969161822957,0.600298233943229
"820",819,0.262494227059523,0.413864875802306,0.565055426192018
"821",820,0.265670544562564,0.374287402158027,0.510495619697077
"822",821,0.317011903251267,0.390937874902516,0.482423529760884
"823",822,0.383155991940819,0.455394554726022,0.504825665705202
"824",823,0.394664168109571,0.512656156243158,0.562229091359748
"825",824,0.334601808036012,0.500482906968322,0.600010916982256
"826",825,0.273393504886408,0.435570279815716,0.581063592192389
"827",826,0.258960615890238,0.38195654278716,0.527543393030722
"828",827,0.296065984927725,0.379172922328648,0.486821184606795
"829",828,0.363652529843097,0.431363880782794,0.492024554134799
"830",829,0.400114280461071,0.499238021610699,0.542431023528311
"831",830,0.358348900429399,0.512760252741516,0.593023689432528
"832",831,0.289616750718748,0.458626943282029,0.593035433679633
"833",832,0.257983917148747,0.395308695026569,0.545981354067045
"834",833,0.278958942853432,0.373751702277353,0.496389617020222
"835",834,0.340988126215891,0.409606665186778,0.484601058122208
"836",835,0.395960822830693,0.479519412720542,0.522913965879396
"837",836,0.379015569685546,0.516926196266776,0.580083678335455
"838",837,0.310224831012268,0.480697778125482,0.599489437353196
"839",838,0.262829186266457,0.413369224905114,0.56408706610841
"840",839,0.266683802206658,0.374827045169288,0.510182943250451
"841",840,0.318059388062275,0.39212280195966,0.482996032387226
"842",841,0.383189273565412,0.456277958371169,0.505865514365726
"843",842,0.393413932790327,0.512228715618096,0.562777377469539
"844",843,0.333531597647909,0.499180620856531,0.599482744177736
"845",844,0.273392141426209,0.434729372082374,0.580030370262644
"846",845,0.259804794437635,0.382161470515825,0.526942948141223
"847",846,0.297216829703216,0.380226350403225,0.487107144154831
"848",847,0.364153342761161,0.432499236073382,0.49300302731619
"849",848,0.399190221650761,0.499304826296493,0.543266360858339
"850",849,0.357035534650144,0.511596671182735,0.592846912476254
"851",850,0.289246905548881,0.457508508235936,0.59205529448546
"852",851,0.258594423421081,0.395152471041751,0.545149021363918
"853",852,0.280092703322192,0.374578311204504,0.496365386263028
"854",853,0.341842142148941,0.410843148643886,0.485414060782667
"855",854,0.395500544422064,0.480052486385085,0.523921729096638
"856",855,0.377625251934426,0.516076211157393,0.580296475618155
"857",856,0.309464089227035,0.479400343016874,0.598685706343911
"858",857,0.263141824708591,0.412834495830075,0.563091922477122
"859",858,0.267711295642466,0.375352974921299,0.509838877058278
"860",859,0.319148626912944,0.393333416353119,0.483562095030733
"861",860,0.383253541437857,0.457201750608645,0.506928120204696
"862",861,0.39216082335377,0.51182727859264,0.563357217742958
"863",862,0.332425312971565,0.49786269060415,0.598968434967071
"864",863,0.273356239465421,0.433847119788945,0.578980734050608
"865",864,0.260644700790303,0.382336127719542,0.526308758022403
"866",865,0.298396287028182,0.381283452635262,0.487371517460042
"867",866,0.364693366160833,0.43367180377361,0.493991487007838
"868",867,0.398276812081669,0.499407140802929,0.544134564223402
"869",868,0.355688410270451,0.510435856087678,0.592702754846844
"870",869,0.28882754744555,0.456347011109333,0.591070344131242
"871",870,0.259184190958359,0.394950310222449,0.544279843418008
"872",871,0.281249077889171,0.375394205068954,0.496305236128321
"873",872,0.342748644334251,0.412115639454962,0.486224384259625
"874",873,0.395070328669332,0.480638468289054,0.524965728426663
"875",874,0.376208329132893,0.515233715906792,0.580542716610955
"876",875,0.308666285770429,0.478074579579026,0.59788167796063
"877",876,0.263436394739268,0.412265495592,0.562071486551529
"878",877,0.268752835873588,0.375868364472543,0.509467341173132
"879",878,0.320272223741354,0.394564727116001,0.484122984901583
"880",879,0.383342378633133,0.458162903583401,0.508012970595156
"881",880,0.390893268947692,0.511439156931846,0.563966618100844
"882",881,0.331284192038613,0.496523828264495,0.598461448143209
"883",882,0.273297725702416,0.432931358617751,0.577910773512274
"884",883,0.261490986649345,0.382494273887522,0.525647372307522
"885",884,0.299607700125884,0.382356122933671,0.487625699053058
"886",885,0.36526294107075,0.434879533196686,0.494996523035521
"887",886,0.397360748719608,0.499532179955345,0.545031835767392
"888",887,0.354312191417433,0.509261485794229,0.592569846351944
"889",888,0.288382956518712,0.455154607875674,0.590071157183749
"890",889,0.259772571754086,0.394726845192281,0.543384740459769
"891",890,0.282429544319651,0.376215785516475,0.496230502994581
"892",891,0.343684471777425,0.413416846825835,0.487043521745337
"893",892,0.394647784174353,0.481249971782954,0.526033617708119
"894",893,0.374773034442146,0.514396522098632,0.580811542212134
"895",894,0.307831980351715,0.476720950733502,0.59707849776766
"896",895,0.26371019492293,0.4116598879731,0.561025615285283
"897",896,0.269805533199473,0.376369253519796,0.50906773343639
"898",897,0.321432534983726,0.395817484801525,0.484676775264354
"899",898,0.383458849522806,0.459162941336042,0.509120019044601
"900",899,0.389616076408631,0.511069743941848,0.564606864365392
"901",900,0.330107968073108,0.495166457696656,0.597964808408956
"902",901,0.273212957373916,0.431980487294704,0.576822166312622
"903",902,0.262340175700806,0.382631782655168,0.524957052844528
"904",903,0.300849745909209,0.383440549681232,0.487866173681196
"905",904,0.365864339996872,0.436123051398031,0.496015916039458
"906",905,0.396441078904552,0.499680636698033,0.54595953435114
"907",906,0.352903164111134,0.50807219188478,0.592449882728887
"908",907,0.287909403793396,0.453926967920265,0.589056208006978
"909",908,0.260359090379342,0.394478865265071,0.542460535194545
"910",909,0.283637985145209,0.377044164488642,0.496138643654982
"911",910,0.344655713144329,0.414752623396056,0.487873309581935
"912",911,0.394231052238669,0.481891756942444,0.5271316408207
"913",912,0.373310629057035,0.513555904597465,0.581100734588571
"914",913,0.306965126940681,0.475335976257957,0.596267852468212
"915",914,0.263973158601416,0.411024674061529,0.559952851773867
"916",915,0.270878408065335,0.376867237792824,0.508645275286663
"917",916,0.322628916141934,0.397097794944122,0.485232532816891
"918",917,0.383589378022533,0.460196882759308,0.510254490701336
"919",918,0.388313947218791,0.510701035579818,0.565270549288713
"920",919,0.328898046508184,0.493779767931606,0.597464641835039
"921",920,0.273111769024881,0.430996421498848,0.575708005261983
"922",921,0.263203024485941,0.382759265187961,0.524241058769231
"923",922,0.302127934586783,0.384547540919322,0.488102793055334
"924",923,0.366491512152202,0.437402596019756,0.497056789159056
"925",924,0.395517325741213,0.49984824297177,0.546913907322391
"926",925,0.351470511910833,0.506874703278627,0.592342071852011
"927",926,0.287411941029749,0.452673566051378,0.588031703875327
"928",927,0.260940822527112,0.394209687496976,0.541513705677668
"929",928,0.284865885768824,0.377874357320012,0.496031596448362
"930",929,0.345653314442888,0.416112840971727,0.488708567362497
"931",930,0.393820999011156,0.482553897221658,0.528248846514339
"932",931,0.371837432044916,0.512718740919069,0.581404507728377
"933",932,0.306078989630932,0.473936696286944,0.595457022244215
"934",933,0.264226164113639,0.410371646371242,0.558867051932618
"935",934,0.271959231141904,0.377359685876628,0.508209233466596
"936",935,0.323844654328864,0.3983910648316,0.485786631783796
"937",936,0.383732014770776,0.461249453596293,0.511399459377506
"938",937,0.387009321794857,0.510343563004332,0.565950892051766
"939",938,0.327668589196372,0.492384720606985,0.596972725128424
"940",939,0.272990179546284,0.429989499244111,0.574584762656083
"941",940,0.264064083579764,0.382869628285731,0.523505970795582
"942",941,0.303424712454749,0.385658949659065,0.488327786320595
"943",942,0.367138179401217,0.4387062928619,0.49810697300799
"944",943,0.394585893839465,0.500028644061223,0.547889665722352
"945",944,0.350012556821065,0.505664933222059,0.592243460145358
"946",945,0.28689231847763,0.45139301287719,0.58699433235185
"947",946,0.261523193764586,0.393922511993129,0.540544027988851
"948",947,0.28612070641949,0.37871420715171,0.495911990366302
"949",948,0.346679826020451,0.417502142950424,0.489554595163765
"950",949,0.393412739522313,0.483241137217502,0.529392298701464
"951",950,0.370335290477808,0.511872291942579,0.581724874751117
"952",951,0.305162200926406,0.472505034367516,0.594636252131247
"953",952,0.2644686047589,0.409688140461001,0.557752841532276
"954",953,0.273061094914305,0.377849446373647,0.507750244202269
"955",954,0.325099458712054,0.399715334293108,0.486344054338501
"956",955,0.383891873842479,0.46233761121509,0.512571913708752
"957",956,0.385690244894265,0.509996925014086,0.566656226522916
"958",957,0.326410188628294,0.490970390748275,0.596484467522406
"959",958,0.27284984516259,0.428953823009028,0.573442975120149
"960",959,0.26493181085488,0.382966461032597,0.522747814955009
"961",960,0.304750566722085,0.386785138873607,0.48854524363035
"962",961,0.367807789639554,0.44003711852571,0.499170356887942
"963",962,0.393659565126383,0.50022882319245,0.548885181761
"964",963,0.348533949427024,0.504453665697803,0.592162439884744
"965",964,0.28633999468246,0.450081089934317,0.58594996272384
"966",965,0.262094369162549,0.39360491400485,0.539546619773077
"967",966,0.287394692422202,0.379550265353851,0.495769715004478
"968",967,0.347741833284439,0.418920011616065,0.490403114308567
"969",968,0.393016394821219,0.483958978221455,0.53056128325972
"970",969,0.368815655010655,0.511033223803256,0.582069867832087
"971",970,0.304211591789551,0.47104896474665,0.593817272631285
"972",971,0.264691897460832,0.408972591172857,0.556616758547201
"973",972,0.274174320172457,0.378327152544566,0.507265315969497
"974",973,0.326386757186111,0.401057824762614,0.486895101048163
"975",974,0.384072219969412,0.463460412557492,0.51376554043636
"976",975,0.38435005895605,0.509654774590273,0.5673878937142
"977",976,0.325121901481754,0.489531305178513,0.595994824786832
"978",977,0.272692439215806,0.427887520630328,0.572278760151193
"979",978,0.26581098948213,0.383052229102561,0.521964334811662
"980",979,0.306111208063463,0.387932212172857,0.488757587455666
"981",980,0.368501630012262,0.441405853214658,0.500256844090767
"982",981,0.392710875333059,0.500437333026299,0.549909237322412
"983",982,0.347028724108403,0.503215216046346,0.592075382193445
"984",983,0.285784783696231,0.448754975102735,0.584888278927844
"985",984,0.262673851184037,0.393286689522955,0.53854082653485
"986",985,0.288686712781068,0.380399652895099,0.495629715187054
"987",986,0.34881265839055,0.420358836009771,0.491267050046031
"988",987,0.39260523137659,0.484679420179384,0.531744642761136
"989",988,0.36727686163089,0.510172038820939,0.582409288875728
"990",989,0.303259968477179,0.469578457347614,0.592980747279249
"991",990,0.264926288361093,0.408257317710896,0.555468839729443
"992",991,0.275307345998813,0.378820094334126,0.506783543248172
"993",992,0.327685881401591,0.402421930732258,0.487461982085451
"994",993,0.384237468727745,0.464583858513354,0.514972148951448
"995",994,0.383000720348705,0.509303018903809,0.568116194203968
"996",995,0.3238284167309,0.488083542393059,0.595500085635146
"997",996,0.272534682971365,0.426816960175553,0.571107643531638
"998",997,0.266697942421421,0.383140551949621,0.521178152276728
"999",998,0.3074824763487,0.389089579090672,0.488974335250331
"1000",999,0.369192839840845,0.442782661275026,0.501352775500136
"1001",1000,0.391750294033856,0.500639613202025,0.550937401433123
