"","time","variable","value"
"1",0,"x",1
"2",1,"x",1.0214088554699
"3",2,"x",0.29658881790192
"4",3,"x",0.0687553668087273
"5",4,"x",0.0428186242405528
"6",5,"x",0.0714426837360674
"7",6,"x",0.210207807814709
"8",7,"x",0.637502857421784
"9",8,"x",0.848760333416411
"10",9,"x",0.300175890775416
"11",10,"x",0.0892224442502054
"12",11,"x",0.0626778099948644
"13",12,"x",0.105227346041516
"14",13,"x",0.284734196121482
"15",14,"x",0.701344504667678
"16",15,"x",0.694478975118476
"17",16,"x",0.240727747906158
"18",17,"x",0.0928703725387778
"19",18,"x",0.082624602320331
"20",19,"x",0.153841155974923
"21",20,"x",0.395258935112063
"22",21,"x",0.748265530818323
"23",22,"x",0.519730250901323
"24",23,"x",0.181719483630805
"25",24,"x",0.0944839871805859
"26",25,"x",0.109446762888141
"27",26,"x",0.227240885675507
"28",27,"x",0.530268262467445
"29",28,"x",0.707453518518506
"30",29,"x",0.358663802200086
"31",30,"x",0.141776859638935
"32",31,"x",0.102428078684753
"33",32,"x",0.151686484295115
"34",33,"x",0.334706888065374
"35",34,"x",0.644016847546014
"36",35,"x",0.569403837891061
"37",36,"x",0.242213921515331
"38",37,"x",0.121988961532694
"39",38,"x",0.122392095195968
"40",39,"x",0.219828133386406
"41",40,"x",0.471177579260487
"42",41,"x",0.662879954205806
"43",42,"x",0.4003681283348
"44",43,"x",0.173420768156879
"45",44,"x",0.120092798924663
"46",45,"x",0.161234216373396
"47",46,"x",0.323188733791358
"48",47,"x",0.593650212276004
"49",48,"x",0.559561008185936
"50",49,"x",0.267697811985065
"51",50,"x",0.140747242519711
"52",51,"x",0.136300931405368
"53",52,"x",0.228320925089138
"54",53,"x",0.455810576839347
"55",54,"x",0.624733508558582
"56",55,"x",0.401616531073715
"57",56,"x",0.188781049703869
"58",57,"x",0.134079287634872
"59",58,"x",0.175112188181581
"60",59,"x",0.331405514989424
"61",60,"x",0.571953450017105
"62",61,"x",0.532246441037025
"63",62,"x",0.271061225495719
"64",63,"x",0.152104283467876
"65",64,"x",0.150019358098927
"66",65,"x",0.244655993784222
"67",66,"x",0.460320017136541
"68",67,"x",0.59402657313576
"69",68,"x",0.384132934864501
"70",69,"x",0.193390649151581
"71",70,"x",0.145324148991214
"72",71,"x",0.191768510872721
"73",72,"x",0.350095809430218
"74",73,"x",0.56309898327574
"75",74,"x",0.498336022442638
"76",75,"x",0.262644567759317
"77",76,"x",0.158783203124694
"78",77,"x",0.164024258316546
"79",78,"x",0.266406301114521
"80",79,"x",0.474342569359653
"81",80,"x",0.56529546196747
"82",81,"x",0.358154695118216
"83",82,"x",0.192159324801363
"84",83,"x",0.155321479542237
"85",84,"x",0.211195398365068
"86",85,"x",0.375233438482811
"87",86,"x",0.557714818360489
"88",87,"x",0.460747987645301
"89",88,"x",0.248883131201939
"90",89,"x",0.163257595176499
"91",90,"x",0.179216963571779
"92",91,"x",0.292705131784586
"93",92,"x",0.491759923918034
"94",93,"x",0.534356085547933
"95",94,"x",0.328953218478065
"96",95,"x",0.188553661343471
"97",96,"x",0.165497403317246
"98",97,"x",0.23381343550513
"99",98,"x",0.404164069381038
"100",99,"x",0.5496781465132
"101",100,"x",0.421027620941987
"102",101,"x",0.233676190933043
"103",102,"x",0.167424440535954
"104",103,"x",0.196539885506224
"105",104,"x",0.322976755325353
"106",105,"x",0.507802905275102
"107",106,"x",0.499186356116927
"108",107,"x",0.299714987742178
"109",108,"x",0.184853765286207
"110",109,"x",0.17705991576367
"111",110,"x",0.260047965102423
"112",111,"x",0.434273861435207
"113",112,"x",0.535028600571837
"114",113,"x",0.380860112285033
"115",114,"x",0.219391586929611
"116",115,"x",0.172673673782887
"117",116,"x",0.216838954495647
"118",117,"x",0.356350348789999
"119",118,"x",0.518276097496221
"120",119,"x",0.459786232815554
"121",120,"x",0.272560086375614
"122",121,"x",0.182539010713177
"123",122,"x",0.191012165577981
"124",123,"x",0.290074360325281
"125",124,"x",0.462475194720594
"126",125,"x",0.511806148232663
"127",126,"x",0.342135529420585
"128",127,"x",0.207463745158518
"129",128,"x",0.180047359775343
"130",129,"x",0.240784603009625
"131",130,"x",0.391290468444518
"132",131,"x",0.519663763808611
"133",132,"x",0.417690689485487
"134",133,"x",0.248891452680223
"135",134,"x",0.182599579916256
"136",135,"x",0.208196053853362
"137",136,"x",0.32358428691272
"138",137,"x",0.485182066714741
"139",138,"x",0.480087240782225
"140",139,"x",0.306628482463519
"141",140,"x",0.198749233481729
"142",141,"x",0.19037255297143
"143",142,"x",0.268769645040362
"144",143,"x",0.425367607199899
"145",144,"x",0.509704896898985
"146",145,"x",0.375293930097939
"147",146,"x",0.229548495557369
"148",147,"x",0.185735392163369
"149",148,"x",0.229282139137588
"150",149,"x",0.359541537211159
"151",150,"x",0.498731055327678
"152",151,"x",0.441759071529641
"153",152,"x",0.275703072802727
"154",153,"x",0.193760757858147
"155",154,"x",0.20434595832219
"156",155,"x",0.300742737517771
"157",156,"x",0.455270635275093
"158",157,"x",0.487978926116694
"159",158,"x",0.335109685166908
"160",159,"x",0.21495619462412
"161",160,"x",0.192502582712778
"162",161,"x",0.254711945718117
"163",162,"x",0.395938648398006
"164",163,"x",0.500179943252616
"165",164,"x",0.399948946448483
"166",165,"x",0.250204148715533
"167",166,"x",0.192826258118143
"168",167,"x",0.22253603087112
"169",168,"x",0.335964296249651
"170",169,"x",0.477173093958795
"171",170,"x",0.456147637614591
"172",171,"x",0.299208116167635
"173",172,"x",0.2052764539756
"174",173,"x",0.203384773495223
"175",174,"x",0.284555032348456
"176",175,"x",0.429733949273962
"177",176,"x",0.488192218760584
"178",177,"x",0.358112820829743
"179",178,"x",0.230495989670715
"180",179,"x",0.196219475630311
"181",180,"x",0.245359688686574
"182",181,"x",0.372775296161024
"183",182,"x",0.4875000827149
"184",183,"x",0.417528442558002
"185",184,"x",0.268950920524537
"186",185,"x",0.200553613618409
"187",186,"x",0.218820804827136
"188",187,"x",0.318280665983071
"189",188,"x",0.457070797606811
"190",189,"x",0.463648475470099
"191",190,"x",0.319286829183467
"192",191,"x",0.216623896986688
"193",192,"x",0.204215406269786
"194",193,"x",0.272937115667767
"195",194,"x",0.40841270304166
"196",195,"x",0.483951037371028
"197",196,"x",0.376214968332124
"198",197,"x",0.244997499037261
"199",198,"x",0.200826529851349
"200",199,"x",0.239166894878441
"201",200,"x",0.354511437386847
"202",201,"x",0.473954986437485
"203",202,"x",0.429519828904098
"204",203,"x",0.285609843260654
"205",204,"x",0.208470796182184
"206",205,"x",0.217110791050775
"207",206,"x",0.30488786400818
"208",207,"x",0.439132897748206
"209",208,"x",0.466443115612368
"210",209,"x",0.33610309435099
"211",210,"x",0.227486757329123
"212",211,"x",0.206170323396092
"213",212,"x",0.264542885868394
"214",213,"x",0.390764418119241
"215",214,"x",0.477332381024363
"216",215,"x",0.390131187159596
"217",216,"x",0.258267706023776
"218",217,"x",0.205893713676169
"219",218,"x",0.235159154107748
"220",219,"x",0.340045632713055
"221",220,"x",0.460743737167063
"222",221,"x",0.43727913606405
"223",222,"x",0.300168730804846
"224",223,"x",0.216273807074521
"225",224,"x",0.216736267998548
"226",225,"x",0.294663053085587
"227",226,"x",0.423483825176159
"228",227,"x",0.466148930003635
"229",228,"x",0.349969704728469
"230",229,"x",0.237674705219626
"231",230,"x",0.208815405899947
"232",231,"x",0.258468600628403
"233",232,"x",0.376191556551807
"234",233,"x",0.469629042862684
"235",234,"x",0.400621941065426
"236",235,"x",0.270226739106808
"237",236,"x",0.211126424129416
"238",237,"x",0.23268314831085
"239",238,"x",0.328525539803702
"240",239,"x",0.448430990257837
"241",240,"x",0.441909162562389
"242",241,"x",0.312734867037101
"243",242,"x",0.223781021014003
"244",243,"x",0.217260033399283
"245",244,"x",0.286807199313345
"246",245,"x",0.40998321271113
"247",246,"x",0.463905459360965
"248",247,"x",0.361264508576251
"249",248,"x",0.247087441833041
"250",249,"x",0.211858889934715
"251",250,"x",0.254089977946053
"252",251,"x",0.364145125452229
"253",252,"x",0.461608991897863
"254",253,"x",0.408364458284717
"255",254,"x",0.280889444513167
"256",255,"x",0.216342901255811
"257",256,"x",0.231300020071926
"258",257,"x",0.319303695487632
"259",258,"x",0.437233027032469
"260",259,"x",0.444271511787703
"261",260,"x",0.323476196262786
"262",261,"x",0.230885234995374
"263",262,"x",0.218385293598583
"264",263,"x",0.280748146550481
"265",264,"x",0.398397024044702
"266",265,"x",0.460488991480703
"267",266,"x",0.37036843229068
"268",267,"x",0.255688239229383
"269",268,"x",0.21510737600879
"270",269,"x",0.250971568154486
"271",270,"x",0.354167755201655
"272",271,"x",0.453730185744223
"273",272,"x",0.413937110205894
"274",273,"x",0.290307977126797
"275",274,"x",0.221423452219104
"276",275,"x",0.230700670713711
"277",276,"x",0.311888430682032
"278",277,"x",0.427200126008276
"279",278,"x",0.445018955268205
"280",279,"x",0.332585295580352
"281",280,"x",0.237522891533821
"282",281,"x",0.219909344547613
"283",282,"x",0.276072655590805
"284",283,"x",0.388472740784439
"285",284,"x",0.456428729342431
"286",285,"x",0.37763053803537
"287",286,"x",0.263483441734369
"288",287,"x",0.21843401370418
"289",288,"x",0.248798010849838
"290",289,"x",0.345880081664453
"291",290,"x",0.446219768217117
"292",291,"x",0.417807992500221
"293",292,"x",0.298579169224806
"294",293,"x",0.226297704674727
"295",294,"x",0.230674059154135
"296",295,"x",0.305910194589567
"297",296,"x",0.418279081092614
"298",297,"x",0.444632790301123
"299",298,"x",0.340260280558929
"300",299,"x",0.243668023831142
"301",300,"x",0.221687072805839
"302",301,"x",0.272474619226761
"303",302,"x",0.379983918986426
"304",303,"x",0.45206517232619
"305",304,"x",0.383358458126613
"306",305,"x",0.270494609245512
"307",306,"x",0.221747035169437
"308",307,"x",0.247349306998607
"309",308,"x",0.338989017512792
"310",309,"x",0.439219432387635
"311",310,"x",0.420364544959258
"312",311,"x",0.305787706567922
"313",312,"x",0.23091174525797
"314",313,"x",0.23105978457545
"315",314,"x",0.301088632655619
"316",315,"x",0.410400485939541
"317",316,"x",0.443466650772203
"318",317,"x",0.346679120130025
"319",318,"x",0.24931558698372
"320",319,"x",0.223618694043747
"321",320,"x",0.269724541613212
"322",321,"x",0.372723868770056
"323",322,"x",0.447624451287538
"324",323,"x",0.387825401633041
"325",324,"x",0.276768714180695
"326",325,"x",0.224987559279304
"327",326,"x",0.246453438085876
"328",327,"x",0.333239015960978
"329",328,"x",0.432774468473987
"330",329,"x",0.421924110611025
"331",330,"x",0.312046275209494
"332",331,"x",0.235240988260168
"333",332,"x",0.231735248735028
"334",333,"x",0.297191192651841
"335",334,"x",0.40346013754888
"336",335,"x",0.441786876957045
"337",336,"x",0.352025224251742
"338",337,"x",0.254474354366055
"339",338,"x",0.225625045024778
"340",339,"x",0.267640482474423
"341",340,"x",0.36650462910794
"342",341,"x",0.443265179952476
"343",342,"x",0.391262480312436
"344",343,"x",0.282353967630641
"345",344,"x",0.228109010038102
"346",345,"x",0.24597585466546
"347",346,"x",0.328447341030798
"348",347,"x",0.426896745130036
"349",348,"x",0.42270681346348
"350",349,"x",0.317448980205597
"351",350,"x",0.239274308953221
"352",351,"x",0.232622709248551
"353",352,"x",0.294054330085915
"354",353,"x",0.3973629937912
"355",354,"x",0.439783791207157
"356",355,"x",0.35643402121731
"357",356,"x",0.259155872429056
"358",357,"x",0.227655416073086
"359",358,"x",0.266098435206909
"360",359,"x",0.361193387703011
"361",360,"x",0.43906299959834
"362",361,"x",0.39384233488497
"363",362,"x",0.287298514419955
"364",363,"x",0.231091273078973
"365",364,"x",0.245833444046002
"366",365,"x",0.324464697864929
"367",366,"x",0.421570868596341
"368",367,"x",0.422887083812094
"369",368,"x",0.322078148908192
"370",369,"x",0.243010245554831
"371",370,"x",0.233666863158896
"372",371,"x",0.291554327823013
"373",372,"x",0.392016937933753
"374",373,"x",0.437586447531426
"375",374,"x",0.360045608271101
"376",375,"x",0.263389286100849
"377",376,"x",0.229673921459736
"378",377,"x",0.264989134111721
"379",378,"x",0.356646107749011
"380",379,"x",0.435087380287169
"381",380,"x",0.395738155069852
"382",381,"x",0.291657827236186
"383",382,"x",0.233908544921071
"384",383,"x",0.245935901257402
"385",384,"x",0.321140281528577
"386",385,"x",0.416769770249887
"387",386,"x",0.422656283315029
"388",387,"x",0.326046749510964
"389",388,"x",0.246444695539083
"390",389,"x",0.23478778395778
"391",390,"x",0.289552602137948
"392",391,"x",0.387344876780647
"393",392,"x",0.435299894274521
"394",393,"x",0.362977934237986
"395",394,"x",0.267197454361418
"396",395,"x",0.231648369084334
"397",396,"x",0.264229960755227
"398",397,"x",0.352771848590437
"399",398,"x",0.431353154370379
"400",399,"x",0.39705562054465
"401",400,"x",0.295481031713803
"402",401,"x",0.236564932139803
"403",402,"x",0.246247366320919
"404",403,"x",0.318398491443228
"405",404,"x",0.412453857186365
"406",405,"x",0.422072359940134
"407",406,"x",0.329404011678814
"408",407,"x",0.249599272243582
"409",408,"x",0.2359865163548
"410",409,"x",0.287997140402152
"411",410,"x",0.383261772191961
"412",411,"x",0.432988157347876
"413",412,"x",0.365322520882644
"414",413,"x",0.270607525753809
"415",414,"x",0.233562493474325
"416",415,"x",0.263757381478624
"417",416,"x",0.349477043503226
"418",417,"x",0.427885010538422
"419",418,"x",0.397919460628874
"420",419,"x",0.298817708572451
"421",420,"x",0.239043306410985
"422",421,"x",0.24670230595746
"423",422,"x",0.316138466281918
"424",423,"x",0.408599966385289
"425",424,"x",0.421258046979804
"426",425,"x",0.332230745803233
"427",426,"x",0.252469271678971
"428",427,"x",0.237209650060519
"429",428,"x",0.286799913299875
"430",429,"x",0.379709282598888
"431",430,"x",0.430696839795093
"432",431,"x",0.367164947539185
"433",432,"x",0.273646510047506
"434",433,"x",0.235405366289184
"435",434,"x",0.26352585782814
"436",435,"x",0.346684676978778
"437",436,"x",0.424671089703291
"438",437,"x",0.398392952842291
"439",438,"x",0.301711863249889
"440",439,"x",0.241357808153762
"441",440,"x",0.247288414743005
"442",441,"x",0.314299931507486
"443",442,"x",0.405147245182066
"444",443,"x",0.420248680782032
"445",444,"x",0.334588912477868
"446",445,"x",0.255089969266574
"447",446,"x",0.238460778417563
"448",447,"x",0.285917374778201
"449",448,"x",0.37661770673784
"450",449,"x",0.428453596483792
"451",450,"x",0.368576228303932
"452",451,"x",0.276350263492853
"453",452,"x",0.237174311229153
"454",453,"x",0.263490837998888
"455",454,"x",0.344324661638697
"456",455,"x",0.421704961190691
"457",456,"x",0.398557785935802
"458",457,"x",0.304211937000703
"459",458,"x",0.243508174971442
"460",459,"x",0.247965470025145
"461",460,"x",0.312819728635007
"462",461,"x",0.402077718609911
"463",462,"x",0.419121427077977
"464",463,"x",0.33653088949086
"465",464,"x",0.257457205467536
"466",465,"x",0.239705247812025
"467",466,"x",0.28529419455373
"468",467,"x",0.373946379499939
"469",468,"x",0.426289126790188
"470",469,"x",0.369617116375485
"471",470,"x",0.278733132767658
"472",471,"x",0.238855376014014
"473",472,"x",0.263619784972228
"474",473,"x",0.342348654646133
"475",474,"x",0.418992956632609
"476",475,"x",0.398480145703819
"477",476,"x",0.306352363657472
"478",477,"x",0.245491598771186
"479",478,"x",0.248705205347477
"480",479,"x",0.311642425825522
"481",480,"x",0.399350290126438
"482",481,"x",0.417913816369439
"483",482,"x",0.338116148066902
"484",483,"x",0.259593944356165
"485",484,"x",0.240933494086556
"486",485,"x",0.284886677998554
"487",486,"x",0.371637439007352
"488",487,"x",0.424209370263352
"489",488,"x",0.370348250031759
"490",489,"x",0.280836417656871
"491",490,"x",0.240455350646927
"492",491,"x",0.263883115838964
"493",492,"x",0.340710283736413
"494",493,"x",0.416503459753581
"495",494,"x",0.398178806875879
"496",495,"x",0.308163499802718
"497",496,"x",0.247325872735916
"498",497,"x",0.249511322369781
"499",498,"x",0.310747006784152
"500",499,"x",0.396935351162927
"501",500,"x",0.416633534685735
"502",501,"x",0.339367030281692
"503",502,"x",0.261516583540546
"504",503,"x",0.242152107504627
"505",504,"x",0.284682947869653
"506",505,"x",0.369664550473837
"507",506,"x",0.422234113960585
"508",507,"x",0.370802563739486
"509",508,"x",0.282661448378355
"510",509,"x",0.241959894593411
"511",510,"x",0.264259293568283
"512",511,"x",0.33937356202351
"513",512,"x",0.414243100513878
"514",513,"x",0.397715657744212
"515",514,"x",0.309678470755274
"516",515,"x",0.249004655799339
"517",516,"x",0.250350975227533
"518",517,"x",0.310085873424098
"519",518,"x",0.394810600430905
"520",519,"x",0.415328448138862
"521",520,"x",0.340328378239962
"522",521,"x",0.263227306237725
"523",522,"x",0.243341987598452
"524",523,"x",0.284650257498143
"525",524,"x",0.367993481412609
"526",525,"x",0.420347805235752
"527",526,"x",0.371009507893486
"528",527,"x",0.284241846504147
"529",528,"x",0.243387310840423
"530",529,"x",0.264743622570747
"531",530,"x",0.338303996873571
"532",531,"x",0.412175931385306
"533",532,"x",0.397100922033597
"534",533,"x",0.31092912867818
"535",534,"x",0.250552580655456
"536",535,"x",0.251231949239277
"537",536,"x",0.309637206521312
"538",537,"x",0.392932788050647
"539",538,"x",0.41398816620543
"540",539,"x",0.341047784740002
"541",540,"x",0.264772041980079
"542",541,"x",0.244507760374193
"543",542,"x",0.28474818918208
"544",543,"x",0.366559792438901
"545",544,"x",0.41856155335713
"546",545,"x",0.371039855596474
"547",546,"x",0.285620972527027
"548",547,"x",0.244734637793449
"549",548,"x",0.26529300411384
"550",549,"x",0.337444615431052
"551",550,"x",0.41028682683583
"552",551,"x",0.396386250976439
"553",552,"x",0.311961166709791
"554",553,"x",0.251975616051144
"555",554,"x",0.252128044673205
"556",555,"x",0.309354265976751
"557",556,"x",0.391276395097694
"558",557,"x",0.412649593707855
"559",558,"x",0.341552818945096
"560",559,"x",0.266145414601565
"561",560,"x",0.245642492695602
"562",561,"x",0.28496962701813
"563",562,"x",0.365360215902915
"564",563,"x",0.416866486768506
"565",564,"x",0.370891433563161
"566",565,"x",0.286798003057718
"567",566,"x",0.246005915476773
"568",567,"x",0.265915528554943
"569",568,"x",0.336793045367902
"570",569,"x",0.408569158499968
"571",570,"x",0.395572588995584
"572",571,"x",0.312777212686503
"573",572,"x",0.253276790569839
"574",573,"x",0.25304311336705
"575",574,"x",0.309233680673352
"576",575,"x",0.389830299931015
"577",576,"x",0.411312332824328
"578",577,"x",0.341858012745352
"579",578,"x",0.267358246443721
"580",579,"x",0.246745131882865
"581",580,"x",0.285301595047118
"582",581,"x",0.364376213426099
"583",582,"x",0.415267143441285
"584",583,"x",0.370587862309467
"585",584,"x",0.287785605242457
"586",585,"x",0.247199105331063
"587",586,"x",0.266598044122407
"588",587,"x",0.336330214036408
"589",588,"x",0.407014267378469
"590",589,"x",0.394679671839903
"591",590,"x",0.313397179145444
"592",591,"x",0.254460280664929
"593",592,"x",0.253968832732233
"594",593,"x",0.309261894042841
"595",594,"x",0.388580271903423
"596",595,"x",0.409981146575528
"597",596,"x",0.341980758894731
"598",597,"x",0.268421442444252
"599",598,"x",0.247816799607698
"600",599,"x",0.285735399480386
"601",600,"x",0.363583296811611
"602",601,"x",0.413755089329672
"603",602,"x",0.37014537131844
"604",603,"x",0.288593842619058
"605",604,"x",0.248321340418182
"606",605,"x",0.267342423640033
"607",606,"x",0.336048954594601
"608",607,"x",0.405606372878494
"609",608,"x",0.393703523866191
"610",609,"x",0.313829683243047
"611",610,"x",0.255539360362034
"612",611,"x",0.25491506456117
"613",612,"x",0.309431726729563
"614",613,"x",0.387506091442015
"615",614,"x",0.408648784295299
"616",615,"x",0.341931973112433
"617",616,"x",0.269347483302202
"618",617,"x",0.248865337541023
"619",618,"x",0.286269045755481
"620",619,"x",0.362969778367759
"621",620,"x",0.412317642554896
"622",621,"x",0.369574767948474
"623",622,"x",0.289260211373955
"624",623,"x",0.249382330763636
"625",624,"x",0.268127869488116
"626",625,"x",0.335900356359288
"627",626,"x",0.404327169478344
"628",627,"x",0.392685334498972
"629",628,"x",0.314116446377965
"630",629,"x",0.256519099121762
"631",630,"x",0.255857922620574
"632",631,"x",0.309707543411947
"633",632,"x",0.386587393265316
"634",633,"x",0.407338192976401
"635",634,"x",0.3417487617791
"636",635,"x",0.270149123531382
"637",636,"x",0.249878658937916
"638",637,"x",0.286873186097761
"639",638,"x",0.362502806307035
"640",639,"x",0.410960826732781
"641",640,"x",0.368909767079846
"642",641,"x",0.289775838034578
"643",642,"x",0.250378096565962
"644",643,"x",0.26896083701503
"645",644,"x",0.335902517600146
"646",645,"x",0.40317006536359
"647",646,"x",0.391598968530654
"648",647,"x",0.314245854743056
"649",648,"x",0.257408754575811
"650",649,"x",0.256819431976227
"651",650,"x",0.310103723131905
"652",651,"x",0.385809405707582
"653",652,"x",0.406022016404917
"654",653,"x",0.341427835075583
"655",654,"x",0.27084245713988
"656",655,"x",0.250877535862754
"657",656,"x",0.287560258545938
"658",657,"x",0.362178419613788
"659",658,"x",0.40966282414654
"660",659,"x",0.368138955997286
"661",660,"x",0.290169781701141
"662",661,"x",0.251320018340853
"663",662,"x",0.269828164246141
"664",663,"x",0.336015124830296
"665",664,"x",0.402120493796827
"666",665,"x",0.390487820980873
"667",666,"x",0.314260035348192
"668",667,"x",0.25821730498704
"669",668,"x",0.257774303460106
"670",669,"x",0.310576991569029
"671",670,"x",0.385153372412424
"672",671,"x",0.404743598043328
"673",672,"x",0.341009217106605
"674",673,"x",0.271427289340308
"675",674,"x",0.251834516425769
"676",675,"x",0.28829585387942
"677",676,"x",0.361981363321065
"678",677,"x",0.408438228880509
"679",678,"x",0.367296990438949
"680",679,"x",0.290451986302334
"681",680,"x",0.252209698844564
"682",681,"x",0.270726249587455
"683",682,"x",0.33623631965139
"684",683,"x",0.401163610264128
"685",684,"x",0.389327897415004
"686",685,"x",0.314154208283411
"687",686,"x",0.258951764527487
"688",687,"x",0.25874073223613
"689",688,"x",0.311143358017054
"690",689,"x",0.384610706673775
"691",690,"x",0.403462894557586
"692",691,"x",0.340480594946736
"693",692,"x",0.271923159646635
"694",693,"x",0.252779154877604
"695",694,"x",0.289098481577654
"696",695,"x",0.361892718581545
"697",696,"x",0.407260737486484
"698",697,"x",0.366377779248056
"699",698,"x",0.290629306532825
"700",699,"x",0.253055849833966
"701",700,"x",0.271660910148626
"702",701,"x",0.336559099391927
"703",702,"x",0.400293023830174
"704",703,"x",0.388133919261301
"705",704,"x",0.313943297882691
"706",705,"x",0.259619590679263
"707",706,"x",0.259713028793085
"708",707,"x",0.311790313035629
"709",708,"x",0.384169800532296
"710",709,"x",0.402184347461534
"711",710,"x",0.339855475896989
"712",711,"x",0.272335450349046
"713",712,"x",0.253708647491243
"714",713,"x",0.289961316826859
"715",714,"x",0.361906649053086
"716",715,"x",0.406132000480497
"717",716,"x",0.365384446636942
"718",717,"x",0.290699978250813
"719",718,"x",0.253859891339372
"720",719,"x",0.27263752463606
"721",720,"x",0.336988446851508
"722",721,"x",0.399499991958817
"723",722,"x",0.386897126999722
"724",723,"x",0.313628755868116
"725",724,"x",0.260226809529068
"726",725,"x",0.26069820968854
"727",726,"x",0.312518146133305
"728",727,"x",0.383821498548352
"729",728,"x",0.40091677784054
"730",729,"x",0.339135098966191
"731",730,"x",0.272658318676701
"732",731,"x",0.254621208491818
"733",732,"x",0.290884973395802
"734",733,"x",0.362026857925075
"735",734,"x",0.405047224087216
"736",735,"x",0.36432068654864
"737",736,"x",0.290689890863962
"738",737,"x",0.254624069292362
"739",738,"x",0.27363120829501
"740",739,"x",0.337491191576402
"741",740,"x",0.398781425838548
"742",741,"x",0.385638877336598
"743",742,"x",0.313227758943558
"744",743,"x",0.260771179577552
"745",744,"x",0.261682302389183
"746",745,"x",0.313307866088643
"747",746,"x",0.383561136058123
"748",747,"x",0.399652438623645
"749",748,"x",0.338349650697005
"750",749,"x",0.272925263491108
"751",750,"x",0.255515152759285
"752",751,"x",0.291841132736754
"753",752,"x",0.362213791380145
"754",753,"x",0.403999425317973
"755",754,"x",0.363217073287256
"756",755,"x",0.290607089067816
"757",756,"x",0.255355125397865
"758",757,"x",0.274650253006562
"759",758,"x",0.338061637227849
"760",759,"x",0.398118298288908
"761",760,"x",0.384362809812469
"762",761,"x",0.312760284708765
"763",762,"x",0.261268138770671
"764",763,"x",0.262667710531982
"765",764,"x",0.314151475771231
"766",765,"x",0.383366639642267
"767",766,"x",0.398401720035627
"768",767,"x",0.337502595012387
"769",768,"x",0.27312552987591
"770",769,"x",0.256392050966249
"771",770,"x",0.292835203911285
"772",771,"x",0.362473571543993
"773",772,"x",0.402991533532129
"774",773,"x",0.362071644194521
"775",774,"x",0.290455289450475
"776",775,"x",0.256050940267976
"777",776,"x",0.27568726273044
"778",777,"x",0.338697036055654
"779",778,"x",0.397511482460558
"780",779,"x",0.383065761962533
"781",780,"x",0.312224126415188
"782",781,"x",0.261719092998595
"783",782,"x",0.263657437474658
"784",783,"x",0.315046033161114
"785",784,"x",0.383235573960328
"786",785,"x",0.397163747159003
"787",786,"x",0.336600710369055
"788",787,"x",0.27326719322539
"789",788,"x",0.257251715703001
"790",789,"x",0.29386564829598
"791",790,"x",0.362802560774211
"792",791,"x",0.402013771039179
"793",792,"x",0.360880991819351
"794",793,"x",0.290238601153733
"795",794,"x",0.256717950985458
"796",795,"x",0.276747639437837
"797",796,"x",0.339395292385963
"798",797,"x",0.396952961627068
"799",798,"x",0.381746240478101
"800",799,"x",0.311624123123797
"801",800,"x",0.2621281
"802",801,"test",0.264653434727423
"803",802,"test",0.315993016162827
"804",803,"test",0.383162574941685
"805",804,"test",0.395920768928997
"806",805,"test",0.335639264020721
"807",806,"test",0.273359764806358
"808",807,"test",0.258106874198467
"809",808,"test",0.294937375683941
"810",809,"test",0.363189627187269
"811",810,"test",0.401055300264372
"812",811,"test",0.35964621215466
"813",812,"test",0.289958788456789
"814",813,"test",0.257363422675068
"815",814,"test",0.277842082864156
"816",815,"test",0.340160428843181
"817",816,"test",0.396436267441547
"818",817,"test",0.380394487337021
"819",818,"test",0.310947290908293
"820",819,"test",0.262494227059523
"821",820,"test",0.265670544562564
"822",821,"test",0.317011903251267
"823",822,"test",0.383155991940819
"824",823,"test",0.394664168109571
"825",824,"test",0.334601808036012
"826",825,"test",0.273393504886408
"827",826,"test",0.258960615890238
"828",827,"test",0.296065984927725
"829",828,"test",0.363652529843097
"830",829,"test",0.400114280461071
"831",830,"test",0.358348900429399
"832",831,"test",0.289616750718748
"833",832,"test",0.257983917148747
"834",833,"test",0.278958942853432
"835",834,"test",0.340988126215891
"836",835,"test",0.395960822830693
"837",836,"test",0.379015569685546
"838",837,"test",0.310224831012268
"839",838,"test",0.262829186266457
"840",839,"test",0.266683802206658
"841",840,"test",0.318059388062275
"842",841,"test",0.383189273565412
"843",842,"test",0.393413932790327
"844",843,"test",0.333531597647909
"845",844,"test",0.273392141426209
"846",845,"test",0.259804794437635
"847",846,"test",0.297216829703216
"848",847,"test",0.364153342761161
"849",848,"test",0.399190221650761
"850",849,"test",0.357035534650144
"851",850,"test",0.289246905548881
"852",851,"test",0.258594423421081
"853",852,"test",0.280092703322192
"854",853,"test",0.341842142148941
"855",854,"test",0.395500544422064
"856",855,"test",0.377625251934426
"857",856,"test",0.309464089227035
"858",857,"test",0.263141824708591
"859",858,"test",0.267711295642466
"860",859,"test",0.319148626912944
"861",860,"test",0.383253541437857
"862",861,"test",0.39216082335377
"863",862,"test",0.332425312971565
"864",863,"test",0.273356239465421
"865",864,"test",0.260644700790303
"866",865,"test",0.298396287028182
"867",866,"test",0.364693366160833
"868",867,"test",0.398276812081669
"869",868,"test",0.355688410270451
"870",869,"test",0.28882754744555
"871",870,"test",0.259184190958359
"872",871,"test",0.281249077889171
"873",872,"test",0.342748644334251
"874",873,"test",0.395070328669332
"875",874,"test",0.376208329132893
"876",875,"test",0.308666285770429
"877",876,"test",0.263436394739268
"878",877,"test",0.268752835873588
"879",878,"test",0.320272223741354
"880",879,"test",0.383342378633133
"881",880,"test",0.390893268947692
"882",881,"test",0.331284192038613
"883",882,"test",0.273297725702416
"884",883,"test",0.261490986649345
"885",884,"test",0.299607700125884
"886",885,"test",0.36526294107075
"887",886,"test",0.397360748719608
"888",887,"test",0.354312191417433
"889",888,"test",0.288382956518712
"890",889,"test",0.259772571754086
"891",890,"test",0.282429544319651
"892",891,"test",0.343684471777425
"893",892,"test",0.394647784174353
"894",893,"test",0.374773034442146
"895",894,"test",0.307831980351715
"896",895,"test",0.26371019492293
"897",896,"test",0.269805533199473
"898",897,"test",0.321432534983726
"899",898,"test",0.383458849522806
"900",899,"test",0.389616076408631
"901",900,"test",0.330107968073108
"902",901,"test",0.273212957373916
"903",902,"test",0.262340175700806
"904",903,"test",0.300849745909209
"905",904,"test",0.365864339996872
"906",905,"test",0.396441078904552
"907",906,"test",0.352903164111134
"908",907,"test",0.287909403793396
"909",908,"test",0.260359090379342
"910",909,"test",0.283637985145209
"911",910,"test",0.344655713144329
"912",911,"test",0.394231052238669
"913",912,"test",0.373310629057035
"914",913,"test",0.306965126940681
"915",914,"test",0.263973158601416
"916",915,"test",0.270878408065335
"917",916,"test",0.322628916141934
"918",917,"test",0.383589378022533
"919",918,"test",0.388313947218791
"920",919,"test",0.328898046508184
"921",920,"test",0.273111769024881
"922",921,"test",0.263203024485941
"923",922,"test",0.302127934586783
"924",923,"test",0.366491512152202
"925",924,"test",0.395517325741213
"926",925,"test",0.351470511910833
"927",926,"test",0.287411941029749
"928",927,"test",0.260940822527112
"929",928,"test",0.284865885768824
"930",929,"test",0.345653314442888
"931",930,"test",0.393820999011156
"932",931,"test",0.371837432044916
"933",932,"test",0.306078989630932
"934",933,"test",0.264226164113639
"935",934,"test",0.271959231141904
"936",935,"test",0.323844654328864
"937",936,"test",0.383732014770776
"938",937,"test",0.387009321794857
"939",938,"test",0.327668589196372
"940",939,"test",0.272990179546284
"941",940,"test",0.264064083579764
"942",941,"test",0.303424712454749
"943",942,"test",0.367138179401217
"944",943,"test",0.394585893839465
"945",944,"test",0.350012556821065
"946",945,"test",0.28689231847763
"947",946,"test",0.261523193764586
"948",947,"test",0.28612070641949
"949",948,"test",0.346679826020451
"950",949,"test",0.393412739522313
"951",950,"test",0.370335290477808
"952",951,"test",0.305162200926406
"953",952,"test",0.2644686047589
"954",953,"test",0.273061094914305
"955",954,"test",0.325099458712054
"956",955,"test",0.383891873842479
"957",956,"test",0.385690244894265
"958",957,"test",0.326410188628294
"959",958,"test",0.27284984516259
"960",959,"test",0.26493181085488
"961",960,"test",0.304750566722085
"962",961,"test",0.367807789639554
"963",962,"test",0.393659565126383
"964",963,"test",0.348533949427024
"965",964,"test",0.28633999468246
"966",965,"test",0.262094369162549
"967",966,"test",0.287394692422202
"968",967,"test",0.347741833284439
"969",968,"test",0.393016394821219
"970",969,"test",0.368815655010655
"971",970,"test",0.304211591789551
"972",971,"test",0.264691897460832
"973",972,"test",0.274174320172457
"974",973,"test",0.326386757186111
"975",974,"test",0.384072219969412
"976",975,"test",0.38435005895605
"977",976,"test",0.325121901481754
"978",977,"test",0.272692439215806
"979",978,"test",0.26581098948213
"980",979,"test",0.306111208063463
"981",980,"test",0.368501630012262
"982",981,"test",0.392710875333059
"983",982,"test",0.347028724108403
"984",983,"test",0.285784783696231
"985",984,"test",0.262673851184037
"986",985,"test",0.288686712781068
"987",986,"test",0.34881265839055
"988",987,"test",0.39260523137659
"989",988,"test",0.36727686163089
"990",989,"test",0.303259968477179
"991",990,"test",0.264926288361093
"992",991,"test",0.275307345998813
"993",992,"test",0.327685881401591
"994",993,"test",0.384237468727745
"995",994,"test",0.383000720348705
"996",995,"test",0.3238284167309
"997",996,"test",0.272534682971365
"998",997,"test",0.266697942421421
"999",998,"test",0.3074824763487
"1000",999,"test",0.369192839840845
"1001",1000,"test",0.391750294033856
"1002",801,"predict",0.340907064028339
"1003",802,"predict",0.204960386861757
"1004",803,"predict",0.387602881247765
"1005",804,"predict",0.397789830648275
"1006",805,"predict",0.395001727191986
"1007",806,"predict",0.257625374836672
"1008",807,"predict",0.280652433170452
"1009",808,"predict",0.262688944646854
"1010",809,"predict",0.334433055643206
"1011",810,"predict",0.391468759303532
"1012",811,"predict",0.415197941826982
"1013",812,"predict",0.288927986499235
"1014",813,"predict",0.278964294537393
"1015",814,"predict",0.252785293500366
"1016",815,"predict",0.31846927882227
"1017",816,"predict",0.365834905862303
"1018",817,"predict",0.426770305678102
"1019",818,"predict",0.327973621669548
"1020",819,"predict",0.27827809119273
"1021",820,"predict",0.252361147313582
"1022",821,"predict",0.301544288317224
"1023",822,"predict",0.343032106486609
"1024",823,"predict",0.416453699408669
"1025",824,"predict",0.37805176910335
"1026",825,"predict",0.272332123008694
"1027",826,"predict",0.268661826437802
"1028",827,"predict",0.272203953828643
"1029",828,"predict",0.33075885510723
"1030",829,"predict",0.393719333285647
"1031",830,"predict",0.411761385797843
"1032",831,"predict",0.289581354860962
"1033",832,"predict",0.277961500487411
"1034",833,"predict",0.254761138435457
"1035",834,"predict",0.318658096202042
"1036",835,"predict",0.366963933384337
"1037",836,"predict",0.425731463647559
"1038",837,"predict",0.325832554368512
"1039",838,"predict",0.279143863679013
"1040",839,"predict",0.252560497652609
"1041",840,"predict",0.303036717896014
"1042",841,"predict",0.343442492286597
"1043",842,"predict",0.416449331932449
"1044",843,"predict",0.37545262126743
"1045",844,"predict",0.272787276326576
"1046",845,"predict",0.268555515894489
"1047",846,"predict",0.273761765674075
"1048",847,"predict",0.331297631600833
"1049",848,"predict",0.394261228875049
"1050",849,"predict",0.40936763862762
"1051",850,"predict",0.289201164879147
"1052",851,"predict",0.277845911214962
"1053",852,"predict",0.256098874945107
"1054",853,"predict",0.319242914583026
"1055",854,"predict",0.367958090498389
"1056",855,"predict",0.424774931290869
"1057",856,"predict",0.323590968644839
"1058",857,"predict",0.280033072706286
"1059",858,"predict",0.252727878893659
"1060",859,"predict",0.304596414763286
"1061",860,"predict",0.343873240981872
"1062",861,"predict",0.4164848951553
"1063",862,"predict",0.372805190343996
"1064",863,"predict",0.273214218232721
"1065",864,"predict",0.268428006272079
"1066",865,"predict",0.275352267711486
"1067",866,"predict",0.331858308013533
"1068",867,"predict",0.394850798697405
"1069",868,"predict",0.406946256387255
"1070",869,"predict",0.288773344671971
"1071",870,"predict",0.277694096926984
"1072",871,"predict",0.257457710776555
"1073",872,"predict",0.319848870626903
"1074",873,"predict",0.369017094718592
"1075",874,"predict",0.423831276569596
"1076",875,"predict",0.321267445881734
"1077",876,"predict",0.28093744466988
"1078",877,"predict",0.252873140110031
"1079",878,"predict",0.306210760397336
"1080",879,"predict",0.344318638960071
"1081",880,"predict",0.416553817641528
"1082",881,"predict",0.370091965403831
"1083",882,"predict",0.273634049964252
"1084",883,"predict",0.268284305624335
"1085",884,"predict",0.276982248875137
"1086",885,"predict",0.332440244626782
"1087",886,"predict",0.395476014617689
"1088",887,"predict",0.404481120514729
"1089",888,"predict",0.288327743606351
"1090",889,"predict",0.277525650909665
"1091",890,"predict",0.25884271426992
"1092",891,"predict",0.320473150135799
"1093",892,"predict",0.370110832070237
"1094",893,"predict",0.4226863946753
"1095",894,"predict",0.319085864637254
"1096",895,"predict",0.281640314439759
"1097",896,"predict",0.253162151011121
"1098",897,"predict",0.307772450217932
"1099",898,"predict",0.344837542060414
"1100",899,"predict",0.416634407719208
"1101",900,"predict",0.367282112821418
"1102",901,"predict",0.274105287472621
"1103",902,"predict",0.268070452211926
"1104",903,"predict",0.278684113663066
"1105",904,"predict",0.333025620047091
"1106",905,"predict",0.39614737254327
"1107",906,"predict",0.401962299563093
"1108",907,"predict",0.287866330261552
"1109",908,"predict",0.277333135931867
"1110",909,"predict",0.260261032522848
"1111",910,"predict",0.321117455324005
"1112",911,"predict",0.371247125172305
"1113",912,"predict",0.420841520583062
"1114",913,"predict",0.317478459568848
"1115",914,"predict",0.281749316107798
"1116",915,"predict",0.253913797614659
"1117",916,"predict",0.309091220236983
"1118",917,"predict",0.345518252429239
"1119",918,"predict",0.416668882083483
"1120",919,"predict",0.363875737102834
"1121",920,"predict",0.275390884965683
"1122",921,"predict",0.267170821372874
"1123",922,"predict",0.280882690054059
"1124",923,"predict",0.33339581816703
"1125",924,"predict",0.396952609666056
"1126",925,"predict",0.399332302198482
"1127",926,"predict",0.287465242822101
"1128",927,"predict",0.277056589095835
"1129",928,"predict",0.261747029804233
"1130",929,"predict",0.321751846114422
"1131",930,"predict",0.372426190673141
"1132",931,"predict",0.418969264179382
"1133",932,"predict",0.315882392235472
"1134",933,"predict",0.281816835843674
"1135",934,"predict",0.254694937777273
"1136",935,"predict",0.309978956475046
"1137",936,"predict",0.346869410637697
"1138",937,"predict",0.416420555323831
"1139",938,"predict",0.360696931543222
"1140",939,"predict",0.276410382012415
"1141",940,"predict",0.266474486524002
"1142",941,"predict",0.28295835755345
"1143",942,"predict",0.333857603186735
"1144",943,"predict",0.397749358282743
"1145",944,"predict",0.396678110621234
"1146",945,"predict",0.28703844046472
"1147",946,"predict",0.276776509591433
"1148",947,"predict",0.263253237527317
"1149",948,"predict",0.32241439301728
"1150",949,"predict",0.373635265195548
"1151",950,"predict",0.41706541004101
"1152",951,"predict",0.314261723813821
"1153",952,"predict",0.281858442512098
"1154",953,"predict",0.255495968843487
"1155",954,"predict",0.310792966862436
"1156",955,"predict",0.348317113013014
"1157",956,"predict",0.416153621579206
"1158",957,"predict",0.357500893314826
"1159",958,"predict",0.277388935473895
"1160",959,"predict",0.265801674023202
"1161",960,"predict",0.285044504497418
"1162",961,"predict",0.334353460450925
"1163",962,"predict",0.398568191496122
"1164",963,"predict",0.39400399150352
"1165",964,"predict",0.286589543703446
"1166",965,"predict",0.276468930703326
"1167",966,"predict",0.264784095887178
"1168",967,"predict",0.323092482855279
"1169",968,"predict",0.374888247652169
"1170",969,"predict",0.415138963306606
"1171",970,"predict",0.312631784893534
"1172",971,"predict",0.281851653241312
"1173",972,"predict",0.256322883243814
"1174",973,"predict",0.311610252676989
"1175",974,"predict",0.349808588758374
"1176",975,"predict",0.415895002882297
"1177",976,"predict",0.354248036915341
"1178",977,"predict",0.278365637460253
"1179",978,"predict",0.265123378259836
"1180",979,"predict",0.287169434014903
"1181",980,"predict",0.334876104569831
"1182",981,"predict",0.399414619742986
"1183",982,"predict",0.391249758649324
"1184",983,"predict",0.286169773035074
"1185",984,"predict",0.276148593108898
"1186",985,"predict",0.266335158192434
"1187",986,"predict",0.323787096278401
"1188",987,"predict",0.376148348333502
"1189",988,"predict",0.413168340800672
"1190",989,"predict",0.311020302825743
"1191",990,"predict",0.281833909608338
"1192",991,"predict",0.257183505904382
"1193",992,"predict",0.312436214291243
"1194",993,"predict",0.351313950387472
"1195",994,"predict",0.415608410927317
"1196",995,"predict",0.351022732715645
"1197",996,"predict",0.279297484102728
"1198",997,"predict",0.264499051284528
"1199",998,"predict",0.289274669280225
"1200",999,"predict",0.335423470439605
"1201",1000,"predict",0.400251224115474
